gene	length_nt	header
Rpl7	813	lcl|NC_000067.7_cds_NP_035421.2_298 [gene=Rpl7] [db_xref=CCDS:CCDS14829.1,GeneID:19989] [protein=large ribosomal subunit protein uL30] [protein_id=NP_035421.2] [location=complement(join(16171952..16172160,16172714..16172823,16172916..16173053,16173392..16173558,16173734..16173908,16174589..16174602))] [gbkey=CDS]
Rpl31	378	lcl|NC_000067.7_cds_NP_444487.1_907 [gene=Rpl31] [db_xref=CCDS:CCDS14904.1,GeneID:114641] [protein=large ribosomal subunit protein eL31] [protein_id=NP_444487.1] [location=join(39407230..39407336,39409095..39409220,39410035..39410147,39410383..39410414)] [gbkey=CDS]
Rpl31	378	lcl|NC_000067.7_cds_NP_001239147.1_908 [gene=Rpl31] [db_xref=CCDS:CCDS14904.1,GeneID:114641] [protein=large ribosomal subunit protein eL31] [protein_id=NP_001239147.1] [location=join(39407230..39407336,39409095..39409220,39410035..39410147,39410383..39410414)] [gbkey=CDS]
Rpl31	378	lcl|NC_000067.7_cds_NP_001239148.1_909 [gene=Rpl31] [db_xref=CCDS:CCDS14904.1,GeneID:114641] [protein=large ribosomal subunit protein eL31] [protein_id=NP_001239148.1] [location=join(39407230..39407336,39409095..39409220,39410035..39410147,39410383..39410414)] [gbkey=CDS]
Rpl37a	279	lcl|NC_000067.7_cds_NP_033110.1_1988 [gene=Rpl37a] [db_xref=CCDS:CCDS35610.1,GeneID:19981] [protein=large ribosomal subunit protein eL43] [protein_id=NP_033110.1] [location=join(72750480..72750482,72750831..72750959,72751301..72751383,72752661..72752724)] [gbkey=CDS]
Rps6kc1	3135	lcl|NC_000067.7_cds_XP_006497235.1_5961 [gene=Rps6kc1] [db_xref=GeneID:320119] [protein=ribosomal protein S6 kinase delta-1 isoform X1] [protein_id=XP_006497235.1] [location=complement(join(190505790..190505900,190514732..190514827,190515761..190515843,190530849..190530938,190531210..190532778,190541080..190541212,190542271..190542318,190566203..190566295,190576684..190576799,190603789..190604148,190617531..190617624,190620846..190620961,190631648..190631768,190643753..190643857))] [gbkey=CDS]
Rps6kc1	2811	lcl|NC_000067.7_cds_XP_006497238.1_5962 [gene=Rps6kc1] [db_xref=GeneID:320119] [protein=ribosomal protein S6 kinase delta-1 isoform X4] [protein_id=XP_006497238.1] [location=complement(join(190505790..190505900,190514732..190514827,190515761..190515843,190530849..190530938,190531210..190532778,190541080..190541212,190542271..190542318,190566203..190566295,190576684..190576799,190617531..190617624,190620846..190620961,190631648..190631768,190637280..190637315,190643753..190643857))] [gbkey=CDS]
Rps6kc1	3078	lcl|NC_000067.7_cds_XP_006497236.1_5963 [gene=Rps6kc1] [db_xref=GeneID:320119] [protein=ribosomal protein S6 kinase delta-1 isoform X2] [protein_id=XP_006497236.1] [location=complement(join(190505790..190505900,190514732..190514827,190515761..190515843,190530849..190530938,190531210..190532778,190541080..190541212,190542271..190542318,190576684..190576799,190603789..190604148,190617531..190617624,190620846..190620961,190631648..190631768,190637280..190637315,190643753..190643857))] [gbkey=CDS]
Rps6kc1	3171	lcl|NC_000067.7_cds_NP_848890.3_5964 [gene=Rps6kc1] [db_xref=GeneID:320119] [protein=ribosomal protein S6 kinase delta-1] [protein_id=NP_848890.3] [location=complement(join(190505790..190505900,190514732..190514827,190515761..190515843,190530849..190530938,190531210..190532778,190541080..190541212,190542271..190542318,190566203..190566295,190576684..190576799,190603789..190604148,190617531..190617624,190620846..190620961,190631648..190631768,190637280..190637315,190643753..190643857))] [gbkey=CDS]
Rps6kc1	2535	lcl|NC_000067.7_cds_XP_030110822.1_5965 [gene=Rps6kc1] [db_xref=GeneID:320119] [protein=ribosomal protein S6 kinase delta-1 isoform X6] [protein_id=XP_030110822.1] [location=complement(join(190505790..190505900,190514732..190514827,190515761..190515843,190530849..190530938,190531210..190532778,190541080..190541212,190542271..190542318,190576684..190576799,190603789..190604077))] [gbkey=CDS]
Rps6kc1	2628	lcl|NC_000067.7_cds_XP_030110821.1_5966 [gene=Rps6kc1] [db_xref=GeneID:320119] [protein=ribosomal protein S6 kinase delta-1 isoform X5] [protein_id=XP_030110821.1] [location=complement(join(190505790..190505900,190514732..190514827,190515761..190515843,190530849..190530938,190531210..190532778,190541080..190541212,190542271..190542318,190566203..190566295,190576684..190576799,190603789..190604077))] [gbkey=CDS]
Rps6kc1	2628	lcl|NC_000067.7_cds_XP_036021590.1_5967 [gene=Rps6kc1] [db_xref=GeneID:320119] [protein=ribosomal protein S6 kinase delta-1 isoform X5] [protein_id=XP_036021590.1] [location=complement(join(190505790..190505900,190514732..190514827,190515761..190515843,190530849..190530938,190531210..190532778,190541080..190541212,190542271..190542318,190566203..190566295,190576684..190576799,190603789..190604077))] [gbkey=CDS]
Rps6kc1	2628	lcl|NC_000067.7_cds_XP_011237223.1_5968 [gene=Rps6kc1] [db_xref=GeneID:320119] [protein=ribosomal protein S6 kinase delta-1 isoform X5] [protein_id=XP_011237223.1] [location=complement(join(190505790..190505900,190514732..190514827,190515761..190515843,190530849..190530938,190531210..190532778,190541080..190541212,190542271..190542318,190566203..190566295,190576684..190576799,190603789..190604077))] [gbkey=CDS]
Rps6kc1	1866	lcl|NC_000067.7_cds_XP_036021591.1_5969 [gene=Rps6kc1] [db_xref=GeneID:320119] [protein=ribosomal protein S6 kinase delta-1 isoform X7] [protein_id=XP_036021591.1] [location=complement(join(190505790..190505900,190514732..190514827,190515761..190515843,190530849..190530938,190531210..190532695))] [gbkey=CDS]
Rps6kc1	2934	lcl|NC_000067.7_cds_XP_006497237.1_5970 [gene=Rps6kc1] [db_xref=GeneID:320119] [protein=ribosomal protein S6 kinase delta-1 isoform X3] [protein_id=XP_006497237.1] [location=complement(join(190505848..190505900,190530849..190530938,190531210..190532778,190541080..190541212,190542271..190542318,190566203..190566295,190576684..190576799,190603789..190604148,190617531..190617624,190620846..190620961,190631648..190631768,190637280..190637315,190643753..190643857))] [gbkey=CDS]
Rpl7a	801	lcl|NC_000068.8_cds_NP_038749.1_7418 [gene=Rpl7a] [db_xref=CCDS:CCDS15815.1,GeneID:27176] [protein=large ribosomal subunit protein eL8] [protein_id=NP_038749.1] [location=join(26800840..26800842,26801018..26801138,26801434..26801583,26802031..26802171,26802378..26802457,26802683..26802813,26803000..26803069,26803177..26803281)] [gbkey=CDS]
Rpl7a	630	lcl|NC_000068.8_cds_XP_017174412.1_7419 [gene=Rpl7a] [db_xref=GeneID:27176] [protein=large ribosomal subunit protein eL8 isoform X1] [protein_id=XP_017174412.1] [location=join(26800840..26800842,26801018..26801138,26801434..26801583,26802031..26802171,26802378..26802457,26802683..26802817)] [gbkey=CDS]
Rpl12	498	lcl|NC_000068.8_cds_NP_033102.2_8111 [gene=Rpl12] [db_xref=CCDS:CCDS15936.1,GeneID:269261] [protein=large ribosomal subunit protein uL11] [protein_id=NP_033102.2] [location=join(32851815..32851851,32852061..32852134,32852586..32852684,32852997..32853078,32853509..32853595,32853753..32853865,32854003..32854008)] [gbkey=CDS]
Rpl35	372	lcl|NC_000068.8_cds_NP_079868.1_8550 [gene=Rpl35] [db_xref=CCDS:CCDS16015.1,GeneID:66489] [protein=large ribosomal subunit protein uL29] [protein_id=NP_079868.1] [location=complement(join(38891628..38891777,38894119..38894200,38894744..38894880,38895096..38895098))] [gbkey=CDS]
Rps12-ps10	399	lcl|NC_000068.8_cds_XP_036018677.1_11456 [gene=Rps12-ps10] [db_xref=GeneID:670832] [protein=40S ribosomal protein S12-like] [protein_id=XP_036018677.1] [location=122050474..122050872] [gbkey=CDS]
Rps21	252	lcl|NC_000068.8_cds_NP_001342450.1_14246 [gene=Rps21] [db_xref=CCDS:CCDS38376.1,GeneID:66481] [protein=small ribosomal subunit protein eS21] [protein_id=NP_001342450.1] [location=join(179899427..179899476,179899581..179899644,179899779..179899850,179900023..179900078,179900171..179900180)] [gbkey=CDS]
Rps21	252	lcl|NC_000068.8_cds_NP_001342445.1_14247 [gene=Rps21] [db_xref=CCDS:CCDS38376.1,GeneID:66481] [protein=small ribosomal subunit protein eS21] [protein_id=NP_001342445.1] [location=join(179899427..179899476,179899581..179899644,179899779..179899850,179900023..179900078,179900171..179900180)] [gbkey=CDS]
Rps21	252	lcl|NC_000068.8_cds_NP_001342449.1_14248 [gene=Rps21] [db_xref=CCDS:CCDS38376.1,GeneID:66481] [protein=small ribosomal subunit protein eS21] [protein_id=NP_001342449.1] [location=join(179899427..179899476,179899581..179899644,179899779..179899850,179900023..179900078,179900171..179900180)] [gbkey=CDS]
Rps21	252	lcl|NC_000068.8_cds_NP_001342447.1_14249 [gene=Rps21] [db_xref=CCDS:CCDS38376.1,GeneID:66481] [protein=small ribosomal subunit protein eS21] [protein_id=NP_001342447.1] [location=join(179899427..179899476,179899581..179899644,179899779..179899850,179900023..179900078,179900171..179900180)] [gbkey=CDS]
Rps21	252	lcl|NC_000068.8_cds_NP_001342446.1_14250 [gene=Rps21] [db_xref=CCDS:CCDS38376.1,GeneID:66481] [protein=small ribosomal subunit protein eS21] [protein_id=NP_001342446.1] [location=join(179899427..179899476,179899581..179899644,179899779..179899850,179900023..179900078,179900171..179900180)] [gbkey=CDS]
Rps21	252	lcl|NC_000068.8_cds_NP_079863.1_14251 [gene=Rps21] [db_xref=CCDS:CCDS38376.1,GeneID:66481] [protein=small ribosomal subunit protein eS21] [protein_id=NP_079863.1] [location=join(179899427..179899476,179899581..179899644,179899779..179899850,179900023..179900078,179900171..179900180)] [gbkey=CDS]
Rpl22l1	369	lcl|NC_000069.7_cds_NP_080793.1_14950 [gene=Rpl22l1] [db_xref=CCDS:CCDS17278.1,GeneID:68028] [protein=ribosomal protein eL22-like 1 isoform 1] [protein_id=NP_080793.1] [location=join(28859684..28859692,28860649..28860741,28860886..28861007,28861336..28861480)] [gbkey=CDS]
Rpl22l1	366	lcl|NC_000069.7_cds_NP_001334155.1_14951 [gene=Rpl22l1] [db_xref=CCDS:CCDS84615.1,GeneID:68028] [protein=ribosomal protein eL22-like 1 isoform 2] [protein_id=NP_001334155.1] [location=join(28859684..28859692,28860652..28860741,28860886..28861007,28861336..28861480)] [gbkey=CDS]
Rpl13-ps6	636	lcl|NC_000069.7_cds_XP_036019379.1_15557 [gene=Rpl13-ps6] [db_xref=GeneID:100040416] [protein=60S ribosomal protein L13-like] [protein_id=XP_036019379.1] [location=58894591..58895226] [gbkey=CDS]
Rps3a1	795	lcl|NC_000069.7_cds_NP_058655.3_16061 [gene=Rps3a1] [db_xref=CCDS:CCDS17446.1,GeneID:20091] [protein=small ribosomal subunit protein eS1] [protein_id=NP_058655.3] [location=complement(join(86045296..86045417,86045790..86045899,86046347..86046555,86048546..86048733,86049005..86049108,86049815..86049876))] [gbkey=CDS]
Rps27	255	lcl|NC_000069.7_cds_NP_081291.1_16659 [gene=Rps27] [db_xref=CCDS:CCDS50970.1,GeneID:57294] [protein=small ribosomal subunit protein eS27] [protein_id=NP_081291.1] [location=complement(join(90120032..90120060,90120241..90120351,90120500..90120608,90120917..90120922))] [gbkey=CDS]
Rpl34	354	lcl|NC_000069.7_cds_XP_036019156.1_18354 [gene=Rpl34] [db_xref=GeneID:68436] [protein=large ribosomal subunit protein eL34 isoform X1] [protein_id=XP_036019156.1] [location=complement(join(130520524..130520608,130522397..130522500,130522700..130522799,130522878..130522942))] [gbkey=CDS]
Rpl34	354	lcl|NC_000069.7_cds_NP_001005859.1_18355 [gene=Rpl34] [db_xref=CCDS:CCDS17841.1,GeneID:68436] [protein=large ribosomal subunit protein eL34] [protein_id=NP_001005859.1] [location=complement(join(130520524..130520608,130522397..130522500,130522700..130522799,130522878..130522942))] [gbkey=CDS]
Rpl34	354	lcl|NC_000069.7_cds_NP_081000.1_18356 [gene=Rpl34] [db_xref=CCDS:CCDS17841.1,GeneID:68436] [protein=large ribosomal subunit protein eL34] [protein_id=NP_081000.1] [location=complement(join(130520524..130520608,130522397..130522500,130522700..130522799,130522878..130522942))] [gbkey=CDS]
Rpl34	354	lcl|NC_000069.7_cds_NP_001274510.1_18357 [gene=Rpl34] [db_xref=CCDS:CCDS17841.1,GeneID:68436] [protein=large ribosomal subunit protein eL34] [protein_id=NP_001274510.1] [location=complement(join(130520524..130520608,130522397..130522500,130522700..130522799,130522878..130522942))] [gbkey=CDS]
Rps20	360	lcl|NC_000070.7_cds_NP_080423.1_19158 [gene=Rps20] [db_xref=CCDS:CCDS17940.1,GeneID:67427] [protein=small ribosomal subunit protein uS10] [protein_id=NP_080423.1] [location=complement(join(3834501..3834683,3834936..3835009,3835192..3835291,3835484..3835486))] [gbkey=CDS]
Rps6	750	lcl|NC_000070.7_cds_NP_033122.1_21077 [gene=Rps6] [db_xref=CCDS:CCDS18310.1,GeneID:20104] [protein=small ribosomal subunit protein eS6] [protein_id=NP_033122.1] [location=complement(join(86772939..86773192,86774104..86774250,86774383..86774593,86774965..86775096,86775558..86775563))] [gbkey=CDS]
Rps8	627	lcl|NC_000070.7_cds_NP_033124.1_22284 [gene=Rps8] [db_xref=CCDS:CCDS18530.1,GeneID:20116] [protein=small ribosomal subunit protein eS8] [protein_id=NP_033124.1] [location=complement(join(117011075..117011184,117011496..117011625,117011835..117012010,117012205..117012304,117012768..117012874,117013255..117013258))] [gbkey=CDS]
Rps6ka1	2175	lcl|NC_000070.7_cds_NP_001272434.1_23528 [gene=Rps6ka1] [db_xref=CCDS:CCDS71488.1,GeneID:20111] [protein=ribosomal protein S6 kinase alpha-1 isoform b] [protein_id=NP_001272434.1] [location=complement(join(133575363..133575485,133575833..133575970,133578012..133578129,133578249..133578325,133578476..133578637,133587364..133587522,133587822..133587911,133588128..133588253,133588727..133588857,133590959..133591061,133591317..133591381,133592336..133592424,133592672..133592709,133593074..133593216,133593673..133593710,133594434..133594540,133596577..133596656,133596810..133596890,133598861..133598942,133599198..133599314,133608228..133608272,133614881..133614943))] [gbkey=CDS]
Rps6ka1	2208	lcl|NC_000070.7_cds_NP_033123.2_23529 [gene=Rps6ka1] [db_xref=CCDS:CCDS18758.2,GeneID:20111] [protein=ribosomal protein S6 kinase alpha-1 isoform a] [protein_id=NP_033123.2] [location=complement(join(133575363..133575485,133575833..133575970,133578012..133578129,133578249..133578325,133578476..133578637,133587364..133587522,133587822..133587911,133588128..133588253,133588727..133588857,133590959..133591061,133591317..133591381,133592336..133592424,133592672..133592742,133593074..133593216,133593673..133593710,133594434..133594540,133596577..133596656,133596810..133596890,133598861..133598942,133599198..133599314,133608228..133608272,133614881..133614943))] [gbkey=CDS]
Rps6ka1	2208	lcl|NC_000070.7_cds_XP_036019817.1_23530 [gene=Rps6ka1] [db_xref=GeneID:20111] [protein=ribosomal protein S6 kinase alpha-1 isoform X1] [protein_id=XP_036019817.1] [location=complement(join(133575363..133575485,133575833..133575970,133578012..133578129,133578249..133578325,133578476..133578637,133587364..133587522,133587822..133587911,133588128..133588253,133588727..133588857,133590959..133591061,133591317..133591381,133592336..133592424,133592672..133592742,133593074..133593216,133593673..133593710,133594434..133594540,133596577..133596656,133596810..133596890,133598861..133598942,133599198..133599314,133608228..133608272,133614881..133614943))] [gbkey=CDS]
Rps6ka1	2160	lcl|NC_000070.7_cds_NP_001272435.1_23531 [gene=Rps6ka1] [db_xref=CCDS:CCDS71487.1,GeneID:20111] [protein=ribosomal protein S6 kinase alpha-1 isoform c] [protein_id=NP_001272435.1] [location=complement(join(133575363..133575485,133575833..133575970,133578012..133578129,133578249..133578325,133578476..133578637,133587364..133587522,133587822..133587911,133588128..133588253,133588727..133588857,133590959..133591061,133591317..133591381,133592336..133592424,133592672..133592742,133593074..133593216,133593673..133593710,133594434..133594540,133596577..133596656,133596810..133596890,133598861..133598942,133599198..133599314,133601919..133601978))] [gbkey=CDS]
Rps6ka1	2226	lcl|NC_000070.7_cds_NP_001365809.1_23532 [gene=Rps6ka1] [db_xref=GeneID:20111] [protein=ribosomal protein S6 kinase alpha-1 isoform d] [protein_id=NP_001365809.1] [location=complement(join(133575363..133575485,133575833..133575970,133578012..133578129,133578249..133578325,133578476..133578637,133587364..133587522,133587822..133587911,133588128..133588253,133588727..133588857,133590959..133591061,133591317..133591381,133592336..133592424,133592672..133592742,133593074..133593216,133593673..133593710,133594434..133594540,133596577..133596656,133596810..133596890,133598861..133598942,133599198..133599314,133600155..133600280))] [gbkey=CDS]
Rpl11	537	lcl|NC_000070.7_cds_NP_080195.1_23747 [gene=Rpl11] [db_xref=CCDS:CCDS18799.1,GeneID:67025] [protein=large ribosomal subunit protein uL5] [protein_id=NP_080195.1] [location=complement(join(135777298..135777327,135777591..135777701,135778482..135778613,135778925..135779031,135779878..135780028,135780659..135780664))] [gbkey=CDS]
Rpl11	546	lcl|NC_000070.7_cds_XP_006539175.1_23748 [gene=Rpl11] [db_xref=GeneID:67025] [protein=large ribosomal subunit protein uL5 isoform X1] [protein_id=XP_006539175.1] [location=complement(join(135777298..135777327,135777591..135777701,135778482..135778613,135778925..135779031,135779878..135780028,135780281..135780295))] [gbkey=CDS]
Rpl22	456	lcl|NC_000070.7_cds_NP_001264042.1_24849 [gene=Rpl22] [db_xref=GeneID:19934] [protein=large ribosomal subunit protein eL22 isoform b] [protein_id=NP_001264042.1] [location=join(152408932..152409012,152411938..152412042,152414461..152414585,152416737..152416881)] [gbkey=CDS]
Rpl22	387	lcl|NC_000070.7_cds_NP_033105.1_24850 [gene=Rpl22] [db_xref=CCDS:CCDS18999.1,GeneID:19934] [protein=large ribosomal subunit protein eL22 isoform a] [protein_id=NP_033105.1] [location=join(152410341..152410352,152411938..152412042,152414461..152414585,152416737..152416881)] [gbkey=CDS]
Rpl22	270	lcl|NC_000070.7_cds_NP_001264043.1_24851 [gene=Rpl22] [db_xref=GeneID:19934] [protein=large ribosomal subunit protein eL22 isoform c] [protein_id=NP_001264043.1] [location=join(152410341..152410352,152411938..152412042,152414461..152414585,152416717..152416744)] [gbkey=CDS]
Rpl9	579	lcl|NC_000071.7_cds_NP_035422.1_27012 [gene=Rpl9] [db_xref=CCDS:CCDS39097.1,GeneID:20005] [protein=large ribosomal subunit protein uL6] [protein_id=NP_035422.1] [location=complement(join(65545916..65546022,65546414..65546494,65546821..65546953,65547731..65547826,65548082..65548197,65548289..65548334))] [gbkey=CDS]
Rps15a-ps5	393	lcl|NC_000071.7_cds_XP_036021575.1_28269 [gene=Rps15a-ps5] [db_xref=GeneID:100042335] [protein=40S ribosomal protein S15a-like] [protein_id=XP_036021575.1] [location=complement(105945187..105945579)] [gbkey=CDS]
Rpl5	894	lcl|NC_000071.7_cds_NP_058676.1_28425 [gene=Rpl5] [db_xref=CCDS:CCDS39199.1,GeneID:100503670] [protein=large ribosomal subunit protein uL18] [protein_id=NP_058676.1] [location=join(108048510..108048512,108049736..108049805,108049888..108050003,108051135..108051269,108051532..108051734,108052583..108052760,108055055..108055143,108055763..108055862)] [gbkey=CDS]
Rpl5	891	lcl|NC_000071.7_cds_XP_006534747.1_28426 [gene=Rpl5] [db_xref=GeneID:100503670] [protein=large ribosomal subunit protein uL18 isoform X1] [protein_id=XP_006534747.1] [location=join(108048510..108048512,108049736..108049805,108049888..108050003,108051135..108051269,108051532..108051734,108052583..108052760,108055058..108055143,108055763..108055862)] [gbkey=CDS]
Rpl37rt	294	lcl|NC_000071.7_cds_NP_001258519.1_28964 [gene=Rpl37rt] [db_xref=GeneID:100502825] [protein=large ribosomal subunit protein eL37] [protein_id=NP_001258519.1] [location=complement(115241287..115241580)] [gbkey=CDS]
Rpl37rt	294	lcl|NC_000071.7_cds_NP_001258520.1_28965 [gene=Rpl37rt] [db_xref=GeneID:100502825] [protein=large ribosomal subunit protein eL37] [protein_id=NP_001258520.1] [location=complement(115241287..115241580)] [gbkey=CDS]
Rpl6	891	lcl|NC_000071.7_cds_NP_001408239.1_29243 [gene=Rpl6] [db_xref=GeneID:19988] [protein=large ribosomal subunit protein eL6] [protein_id=NP_001408239.1] [location=join(121343469..121343726,121343817..121343918,121344730..121344873,121345210..121345258,121346454..121346638,121346845..121346997)] [gbkey=CDS]
Rpl6	891	lcl|NC_000071.7_cds_NP_035420.2_29244 [gene=Rpl6] [db_xref=CCDS:CCDS19632.1,GeneID:19988] [protein=large ribosomal subunit protein eL6] [protein_id=NP_035420.2] [location=join(121343469..121343726,121343817..121343918,121344730..121344873,121345210..121345258,121346454..121346638,121346845..121346997)] [gbkey=CDS]
Rpl21	483	lcl|NC_000071.7_cds_NP_001395917.1_31124 [gene=Rpl21] [db_xref=GeneID:19933] [protein=large ribosomal subunit protein eL21] [protein_id=NP_001395917.1] [location=join(146771006..146771072,146771258..146771319,146771802..146771914,146772374..146772524,146772674..146772763)] [gbkey=CDS]
Rpl21	483	lcl|NC_000071.7_cds_NP_001395918.1_31125 [gene=Rpl21] [db_xref=GeneID:19933] [protein=large ribosomal subunit protein eL21] [protein_id=NP_001395918.1] [location=join(146771006..146771072,146771258..146771319,146771802..146771914,146772374..146772524,146772674..146772763)] [gbkey=CDS]
Rpl21	483	lcl|NC_000071.7_cds_NP_062621.2_31126 [gene=Rpl21] [db_xref=CCDS:CCDS19872.1,GeneID:19933] [protein=large ribosomal subunit protein eL21] [protein_id=NP_062621.2] [location=join(146771006..146771072,146771258..146771319,146771802..146771914,146772374..146772524,146772674..146772763)] [gbkey=CDS]
Rpl34-ps1	354	lcl|NC_000072.7_cds_NP_001186279.1_33335 [gene=Rpl34-ps1] [db_xref=GeneID:619547] [protein=ribosomal protein L34, pseudogene 1] [protein_id=NP_001186279.1] [location=71101594..71101947] [gbkey=CDS]
Rpl32	408	lcl|NC_000072.7_cds_NP_742083.1_34855 [gene=Rpl32] [db_xref=CCDS:CCDS20443.1,GeneID:19951] [protein=large ribosomal subunit protein eL32] [protein_id=NP_742083.1] [location=complement(join(115782520..115782649,115783947..115784128,115784763..115784858))] [gbkey=CDS]
Rps9	585	lcl|NC_000073.7_cds_NP_001405988.1_36710 [gene=Rps9] [db_xref=GeneID:76846] [protein=small ribosomal subunit protein uS4 isoform 1] [protein_id=NP_001405988.1] [location=join(3707351..3707447,3707645..3707767,3708732..3708918,3709650..3709827)] [gbkey=CDS]
Rps9	585	lcl|NC_000073.7_cds_NP_001405989.1_36711 [gene=Rps9] [db_xref=GeneID:76846] [protein=small ribosomal subunit protein uS4 isoform 1] [protein_id=NP_001405989.1] [location=join(3707351..3707447,3707645..3707767,3708732..3708918,3709650..3709827)] [gbkey=CDS]
Rps9	585	lcl|NC_000073.7_cds_NP_084043.1_36712 [gene=Rps9] [db_xref=CCDS:CCDS20726.1,GeneID:76846] [protein=small ribosomal subunit protein uS4 isoform 1] [protein_id=NP_084043.1] [location=join(3707351..3707447,3707645..3707767,3708732..3708918,3709650..3709827)] [gbkey=CDS]
Rps9	582	lcl|NC_000073.7_cds_NP_001405986.1_36713 [gene=Rps9] [db_xref=GeneID:76846] [protein=small ribosomal subunit protein uS4 isoform 2] [protein_id=NP_001405986.1] [location=join(3707351..3707447,3707648..3707767,3708732..3708918,3709650..3709827)] [gbkey=CDS]
Rps9	462	lcl|NC_000073.7_cds_NP_001405987.1_36714 [gene=Rps9] [db_xref=GeneID:76846] [protein=small ribosomal subunit protein uS4 isoform 3] [protein_id=NP_001405987.1] [location=join(3707351..3707447,3708732..3708918,3709650..3709827)] [gbkey=CDS]
Rpl28	414	lcl|NC_000073.7_cds_NP_033107.1_36902 [gene=Rpl28] [db_xref=CCDS:CCDS39742.1,GeneID:19943] [protein=large ribosomal subunit protein eL28] [protein_id=NP_033107.1] [location=join(4796328..4796408,4796502..4796625,4797063..4797181,4797417..4797506)] [gbkey=CDS]
Rps5	615	lcl|NC_000073.7_cds_XP_036008703.1_37335 [gene=Rps5] [db_xref=GeneID:20103] [protein=small ribosomal subunit protein uS7 isoform X1] [protein_id=XP_036008703.1] [location=join(12656901..12657008,12659319..12659528,12659664..12659792,12660323..12660421,12660499..12660567)] [gbkey=CDS]
Rps5	615	lcl|NC_000073.7_cds_NP_001404155.1_37336 [gene=Rps5] [db_xref=GeneID:20103] [protein=small ribosomal subunit protein uS7] [protein_id=NP_001404155.1] [location=join(12656901..12657008,12659319..12659528,12659664..12659792,12660323..12660421,12660499..12660567)] [gbkey=CDS]
Rps5	615	lcl|NC_000073.7_cds_NP_033121.2_37337 [gene=Rps5] [db_xref=CCDS:CCDS20817.1,GeneID:20103] [protein=small ribosomal subunit protein uS7] [protein_id=NP_033121.2] [location=join(12656901..12657008,12659319..12659528,12659664..12659792,12660323..12660421,12660499..12660567)] [gbkey=CDS]
Rps19	471	lcl|NC_000073.7_cds_NP_001347045.1_38094 [gene=Rps19] [db_xref=GeneID:20085] [protein=small ribosomal subunit protein eS19 isoform b] [protein_id=NP_001347045.1] [location=join(24584242..24584274,24584561..24584631,24584877..24584977,24587707..24587890,24588332..24588386,24589166..24589192)] [gbkey=CDS]
Rps19	315	lcl|NC_000073.7_cds_NP_001347057.1_38095 [gene=Rps19] [db_xref=GeneID:20085] [protein=small ribosomal subunit protein eS19 isoform e] [protein_id=NP_001347057.1] [location=join(24584561..24584631,24584877..24584977,24587707..24587747,24588332..24588386,24589166..24589212)] [gbkey=CDS]
Rps19	438	lcl|NC_000073.7_cds_NP_075622.1_38096 [gene=Rps19] [db_xref=CCDS:CCDS20966.1,GeneID:20085] [protein=small ribosomal subunit protein eS19 isoform a] [protein_id=NP_075622.1] [location=join(24584561..24584631,24584877..24584977,24587707..24587890,24588332..24588386,24589166..24589192)] [gbkey=CDS]
Rps19	438	lcl|NC_000073.7_cds_NP_001347047.1_38097 [gene=Rps19] [db_xref=CCDS:CCDS20966.1,GeneID:20085] [protein=small ribosomal subunit protein eS19 isoform a] [protein_id=NP_001347047.1] [location=join(24584561..24584631,24584877..24584977,24587707..24587890,24588332..24588386,24589166..24589192)] [gbkey=CDS]
Rps19	438	lcl|NC_000073.7_cds_NP_001347048.1_38098 [gene=Rps19] [db_xref=CCDS:CCDS20966.1,GeneID:20085] [protein=small ribosomal subunit protein eS19 isoform a] [protein_id=NP_001347048.1] [location=join(24584561..24584631,24584877..24584977,24587707..24587890,24588332..24588386,24589166..24589192)] [gbkey=CDS]
Rps19	438	lcl|NC_000073.7_cds_NP_001347044.2_38099 [gene=Rps19] [db_xref=GeneID:20085] [protein=small ribosomal subunit protein eS19 isoform a] [protein_id=NP_001347044.2] [location=join(24584561..24584631,24584877..24584977,24587707..24587890,24588332..24588386,24589166..24589192)] [gbkey=CDS]
Rps19	408	lcl|NC_000073.7_cds_NP_001347054.1_38100 [gene=Rps19] [db_xref=GeneID:20085] [protein=small ribosomal subunit protein eS19 isoform d] [protein_id=NP_001347054.1] [location=join(24584561..24584631,24584877..24584977,24587737..24587890,24588332..24588386,24589166..24589192)] [gbkey=CDS]
Rps16	441	lcl|NC_000073.7_cds_NP_038675.2_38469 [gene=Rps16] [db_xref=CCDS:CCDS39858.1,GeneID:20055] [protein=small ribosomal subunit protein uS9] [protein_id=NP_038675.2] [location=join(28050229..28050276,28050417..28050518,28051602..28051698,28051788..28051835,28051919..28052064)] [gbkey=CDS]
Rps11	477	lcl|NC_000073.7_cds_NP_038753.1_39827 [gene=Rps11] [db_xref=CCDS:CCDS39947.1,GeneID:27207] [protein=small ribosomal subunit protein uS17] [protein_id=NP_038753.1] [location=complement(join(44771859..44771982,44772253..44772382,44772587..44772662,44772843..44772974,44773721..44773735))] [gbkey=CDS]
Rpl13a	612	lcl|NC_000073.7_cds_NP_033464.2_39828 [gene=Rpl13a] [db_xref=CCDS:CCDS21230.1,GeneID:22121] [protein=large ribosomal subunit protein uL13] [protein_id=NP_033464.2] [location=complement(join(44775370..44775456,44775539..44775661,44775902..44775961,44776133..44776218,44776415..44776516,44776633..44776698,44776920..44776992,44778124..44778138))] [gbkey=CDS]
Rpl18	567	lcl|NC_000073.7_cds_XP_030098107.1_40016 [gene=Rpl18] [db_xref=GeneID:19899] [protein=large ribosomal subunit protein eL18 isoform X1] [protein_id=XP_030098107.1] [location=join(45367561..45367563,45368677..45368763,45368953..45369060,45369344..45369442,45369718..45369911,45370138..45370213)] [gbkey=CDS]
Rpl18	567	lcl|NC_000073.7_cds_NP_033103.2_40017 [gene=Rpl18] [db_xref=CCDS:CCDS39958.1,GeneID:19899] [protein=large ribosomal subunit protein eL18 isoform 1] [protein_id=NP_033103.2] [location=join(45367561..45367563,45368677..45368763,45368953..45369060,45369344..45369442,45369718..45369911,45370138..45370213)] [gbkey=CDS]
Rpl18	330	lcl|NC_000073.7_cds_NP_001404136.1_40018 [gene=Rpl18] [db_xref=GeneID:19899] [protein=large ribosomal subunit protein eL18 isoform 2] [protein_id=NP_001404136.1] [location=join(45367561..45367563,45368677..45368763,45368953..45369060,45369344..45369442,45370138..45370170)] [gbkey=CDS]
Rpl18	411	lcl|NC_000073.7_cds_XP_017177538.1_40019 [gene=Rpl18] [db_xref=GeneID:19899] [protein=large ribosomal subunit protein eL18 isoform X2] [protein_id=XP_017177538.1] [location=join(45369019..45369060,45369344..45369442,45369718..45369911,45370138..45370213)] [gbkey=CDS]
Rps17	408	lcl|NC_000073.7_cds_NP_033118.1_40913 [gene=Rps17] [db_xref=CCDS:CCDS40006.1,GeneID:20068] [protein=small ribosomal subunit protein eS17] [protein_id=NP_033118.1] [location=complement(join(80992517..80992597,80993483..80993548,80994059..80994164,80994605..80994756,80994950..80994952))] [gbkey=CDS]
Rps3	732	lcl|NC_000073.7_cds_NP_036182.1_41510 [gene=Rps3] [db_xref=CCDS:CCDS40031.1,GeneID:27050] [protein=small ribosomal subunit protein uS3] [protein_id=NP_036182.1] [location=complement(join(99128484..99128677,99129083..99129270,99130904..99130998,99131468..99131561,99131777..99131907,99132799..99132828))] [gbkey=CDS]
Rpl27a	447	lcl|NC_000073.7_cds_NP_036105.2_42387 [gene=Rpl27a] [db_xref=CCDS:CCDS40083.1,GeneID:26451] [protein=large ribosomal subunit protein uL15] [protein_id=NP_036105.2] [location=join(109118427..109118429,109118792..109118855,109119125..109119200,109119675..109119849,109120808..109120936)] [gbkey=CDS]
Rps13	456	lcl|NC_000073.7_cds_NP_080809.1_42670 [gene=Rps13] [db_xref=CCDS:CCDS52370.1,GeneID:68052] [protein=small ribosomal subunit protein uS15] [protein_id=NP_080809.1] [location=complement(join(115930785..115930818,115931614..115931714,115932164..115932333,115932931..115933009,115933135..115933183,115933320..115933342))] [gbkey=CDS]
Rps15a	393	lcl|NC_000073.7_cds_NP_733769.1_42681 [gene=Rps15a] [db_xref=CCDS:CCDS21768.1,GeneID:267019] [protein=small ribosomal subunit protein uS8] [protein_id=NP_733769.1] [location=complement(join(117708323..117708416,117709156..117709241,117714008..117714087,117714332..117714464))] [gbkey=CDS]
Rps23rg1	426	lcl|NC_000074.7_cds_NP_001019899.1_44726 [gene=Rps23rg1] [db_xref=CCDS:CCDS52468.1,GeneID:546049] [protein=ribosomal protein S23, retrogene 1] [protein_id=NP_001019899.1] [location=join(3630469..3630474,3633835..3634254)] [gbkey=CDS]
Rps12-ps24	384	lcl|NC_000074.7_cds_XP_036010305.1_45723 [gene=Rps12-ps24] [db_xref=GeneID:671641] [protein=40S ribosomal protein S12-like] [protein_id=XP_036010305.1] [location=36492907..36493290] [gbkey=CDS]
Rpl18a	531	lcl|NC_000074.7_cds_NP_084027.1_46733 [gene=Rpl18a] [db_xref=CCDS:CCDS22386.1,GeneID:76808] [protein=large ribosomal subunit protein eL20] [protein_id=NP_084027.1] [location=complement(join(71348059..71348151,71348244..71348353,71348560..71348689,71348777..71348956,71350003..71350020))] [gbkey=CDS]
Rpl13	636	lcl|NC_000074.7_cds_NP_058018.2_49025 [gene=Rpl13] [db_xref=CCDS:CCDS22747.1,GeneID:270106] [protein=large ribosomal subunit protein eL13] [protein_id=NP_058018.2] [location=join(123829398..123829501,123829584..123829725,123829922..123830095,123830637..123830693,123831783..123831941)] [gbkey=CDS]
Rps25	378	lcl|NC_000075.7_cds_NP_077228.1_50805 [gene=Rps25] [db_xref=CCDS:CCDS40600.1,GeneID:75617] [protein=small ribosomal subunit protein eS25] [protein_id=NP_077228.1] [location=join(44319052..44319054,44319285..44319380,44319983..44320166,44321251..44321345)] [gbkey=CDS]
Rpl4	1260	lcl|NC_000075.7_cds_XP_036011111.1_52052 [gene=Rpl4] [db_xref=GeneID:67891] [protein=large ribosomal subunit protein uL4 isoform X1] [protein_id=XP_036011111.1] [location=join(64080713..64080715,64082106..64082277,64082476..64082582,64082866..64083004,64083374..64083498,64084223..64084352,64084603..64084759,64085003..64085086,64085179..64085299,64085505..64085726)] [gbkey=CDS]
Rpl4	1260	lcl|NC_000075.7_cds_NP_077174.1_52053 [gene=Rpl4] [db_xref=CCDS:CCDS40667.1,GeneID:67891] [protein=large ribosomal subunit protein uL4] [protein_id=NP_077174.1] [location=join(64080713..64080715,64082106..64082277,64082476..64082582,64082866..64083004,64083374..64083498,64084223..64084352,64084603..64084759,64085003..64085086,64085179..64085299,64085505..64085726)] [gbkey=CDS]
Rps27l	255	lcl|NC_000075.7_cds_NP_080743.1_52313 [gene=Rps27l] [db_xref=CCDS:CCDS40673.1,GeneID:67941] [protein=small ribosomal subunit protein eS27-like isoform 2] [protein_id=NP_080743.1] [location=join(66853457..66853462,66854113..66854221,66854869..66854979,66856611..66856639)] [gbkey=CDS]
Rps27l	318	lcl|NC_000075.7_cds_NP_001298030.1_52314 [gene=Rps27l] [db_xref=CCDS:CCDS81028.1,GeneID:67941] [protein=small ribosomal subunit protein eS27-like isoform 1] [protein_id=NP_001298030.1] [location=join(66853457..66853462,66854113..66854221,66854869..66854979,66855921..66855999,66856611..66856623)] [gbkey=CDS]
Rps27l	309	lcl|NC_000075.7_cds_XP_017169030.1_52315 [gene=Rps27l] [db_xref=GeneID:67941] [protein=small ribosomal subunit protein eS27-like isoform X1] [protein_id=XP_017169030.1] [location=join(66853457..66853462,66854113..66854221,66854869..66854979,66855921..66856003)] [gbkey=CDS]
Rps27l	297	lcl|NC_000075.7_cds_NP_001348035.1_52316 [gene=Rps27l] [db_xref=GeneID:67941] [protein=small ribosomal subunit protein eS27-like isoform 3] [protein_id=NP_001348035.1] [location=join(66853747..66853794,66854113..66854221,66854869..66854979,66856611..66856639)] [gbkey=CDS]
Rpl29	483	lcl|NC_000075.7_cds_NP_001311463.1_53595 [gene=Rpl29] [db_xref=CCDS:CCDS23476.1,GeneID:19944] [protein=large ribosomal subunit protein eL29] [protein_id=NP_001311463.1] [location=join(106307177..106307213,106307507..106307571,106308268..106308648)] [gbkey=CDS]
Rpl29	483	lcl|NC_000075.7_cds_NP_001311462.1_53596 [gene=Rpl29] [db_xref=CCDS:CCDS23476.1,GeneID:19944] [protein=large ribosomal subunit protein eL29] [protein_id=NP_001311462.1] [location=join(106307177..106307213,106307507..106307571,106308268..106308648)] [gbkey=CDS]
Rpl29	483	lcl|NC_000075.7_cds_XP_006511723.1_53597 [gene=Rpl29] [db_xref=GeneID:19944] [protein=large ribosomal subunit protein eL29 isoform X1] [protein_id=XP_006511723.1] [location=join(106307177..106307213,106307507..106307571,106308268..106308648)] [gbkey=CDS]
Rpl29	483	lcl|NC_000075.7_cds_NP_033108.1_53598 [gene=Rpl29] [db_xref=CCDS:CCDS23476.1,GeneID:19944] [protein=large ribosomal subunit protein eL29] [protein_id=NP_033108.1] [location=join(106307177..106307213,106307507..106307571,106308268..106308648)] [gbkey=CDS]
Rps27rt	255	lcl|NC_000075.7_cds_NP_001177187.1_54540 [gene=Rps27rt] [db_xref=CCDS:CCDS52952.1,GeneID:100043813] [protein=ribosomal protein S27-like] [protein_id=NP_001177187.1] [location=complement(114811521..114811775)] [gbkey=CDS]
Rpl14	654	lcl|NC_000075.7_cds_NP_080250.1_54736 [gene=Rpl14] [db_xref=CCDS:CCDS40809.1,GeneID:67115] [protein=large ribosomal subunit protein eL14] [protein_id=NP_080250.1] [location=join(120400605..120400607,120401162..120401263,120401834..120401928,120402642..120402741,120402830..120402883,120403161..120403460)] [gbkey=CDS]
Rpl32l	402	lcl|NC_000076.7_cds_NP_001095031.2_55470 [gene=Rpl32l] [db_xref=GeneID:621697] [protein=ribosomal protein L32-like] [protein_id=NP_001095031.2] [location=20084236..20084637] [gbkey=CDS]
Rps12	399	lcl|NC_000076.7_cds_NP_001394371.1_55552 [gene=Rps12] [db_xref=GeneID:20042] [protein=small ribosomal subunit protein eS12 isoform a] [protein_id=NP_001394371.1] [location=complement(join(23661109..23661171,23661474..23661575,23661800..23661902,23662662..23662778,23662892..23662905))] [gbkey=CDS]
Rps12	399	lcl|NC_000076.7_cds_NP_001394370.1_55553 [gene=Rps12] [db_xref=GeneID:20042] [protein=small ribosomal subunit protein eS12 isoform a] [protein_id=NP_001394370.1] [location=complement(join(23661109..23661171,23661474..23661575,23661800..23661902,23662662..23662778,23662892..23662905))] [gbkey=CDS]
Rps12	399	lcl|NC_000076.7_cds_NP_035425.2_55554 [gene=Rps12] [db_xref=CCDS:CCDS23733.1,GeneID:20042] [protein=small ribosomal subunit protein eS12 isoform a] [protein_id=NP_035425.2] [location=complement(join(23661109..23661171,23661474..23661575,23661800..23661902,23662662..23662778,23662892..23662905))] [gbkey=CDS]
Rps12	366	lcl|NC_000076.7_cds_NP_001394372.1_55555 [gene=Rps12] [db_xref=GeneID:20042] [protein=small ribosomal subunit protein eS12 isoform b] [protein_id=NP_001394372.1] [location=complement(join(23661109..23661171,23661474..23661575,23661800..23661902,23662662..23662759))] [gbkey=CDS]
Rps12	345	lcl|NC_000076.7_cds_NP_001394373.1_55556 [gene=Rps12] [db_xref=GeneID:20042] [protein=small ribosomal subunit protein eS12 isoform c] [protein_id=NP_001394373.1] [location=complement(join(23661432..23661575,23661800..23661902,23662662..23662759))] [gbkey=CDS]
Rps12	618	lcl|NC_000076.7_cds_XP_030100822.1_55557 [gene=Rps12] [db_xref=GeneID:20042] [protein=small ribosomal subunit protein eS12 isoform X1] [protein_id=XP_030100822.1] [location=complement(join(23661805..23661902,23662523..23662778,23662892..23662942,23663054..23663266))] [gbkey=CDS]
Rps15	438	lcl|NC_000076.7_cds_NP_033117.1_57395 [gene=Rps15] [db_xref=CCDS:CCDS35978.1,GeneID:20054] [protein=small ribosomal subunit protein uS19 isoform 1] [protein_id=NP_033117.1] [location=join(80128315..80128317,80128609..80128694,80129476..80129710,80129801..80129914)] [gbkey=CDS]
Rps15	357	lcl|NC_000076.7_cds_NP_001297655.1_57396 [gene=Rps15] [db_xref=CCDS:CCDS78858.1,GeneID:20054] [protein=small ribosomal subunit protein uS19 isoform 2] [protein_id=NP_001297655.1] [location=join(80128687..80128694,80129476..80129710,80129801..80129914)] [gbkey=CDS]
Rpl6l	930	lcl|NC_000076.7_cds_XP_036012022.1_58637 [gene=Rpl6l] [db_xref=GeneID:432502] [protein=60S ribosomal protein L6-like] [protein_id=XP_036012022.1] [location=110961712..110962641] [gbkey=CDS]
Rpl41	78	lcl|NC_000076.7_cds_NP_061348.1_59335 [gene=Rpl41] [db_xref=CCDS:CCDS56753.1,GeneID:67945] [protein=large ribosomal subunit protein eL41] [protein_id=NP_061348.1] [location=complement(join(128384256..128384298,128384527..128384549,128384818..128384829))] [gbkey=CDS]
Rps26	348	lcl|NC_000076.7_cds_NP_038793.2_59339 [gene=Rps26] [db_xref=CCDS:CCDS36090.1,GeneID:27370] [protein=small ribosomal subunit protein eS26] [protein_id=NP_038793.2] [location=complement(join(128460470..128460505,128461076..128461206,128461932..128462109,128462345..128462347))] [gbkey=CDS]
Rps27a	471	lcl|NC_000077.7_cds_NP_077239.1_60496 [gene=Rps27a] [db_xref=CCDS:CCDS24497.1,GeneID:78294] [protein=ubiquitin-ribosomal protein eS31 fusion protein precursor] [protein_id=NP_077239.1] [location=complement(join(29495880..29496029,29496291..29496422,29496703..29496788,29497206..29497260,29497681..29497728))] [gbkey=CDS]
Rps27a	471	lcl|NC_000077.7_cds_NP_001029037.1_60497 [gene=Rps27a] [db_xref=CCDS:CCDS24497.1,GeneID:78294] [protein=ubiquitin-ribosomal protein eS31 fusion protein precursor] [protein_id=NP_001029037.1] [location=complement(join(29495880..29496029,29496291..29496422,29496703..29496788,29497206..29497260,29497681..29497728))] [gbkey=CDS]
Rpl26	438	lcl|NC_000077.7_cds_NP_033106.1_62255 [gene=Rpl26] [db_xref=CCDS:CCDS36187.1,GeneID:19941] [protein=large ribosomal subunit protein uL24] [protein_id=NP_033106.1] [location=join(68793101..68793268,68794005..68794145,68795191..68795319)] [gbkey=CDS]
Rpl23a	471	lcl|NC_000077.7_cds_NP_997406.1_63249 [gene=Rpl23a] [db_xref=CCDS:CCDS25093.1,GeneID:268449] [protein=large ribosomal subunit protein uL23] [protein_id=NP_997406.1] [location=complement(join(78071809..78071823,78071980..78072049,78072243..78072419,78073629..78073812,78074345..78074369))] [gbkey=CDS]
Rps6kb1	1338	lcl|NC_000077.7_cds_XP_006534378.1_63725 [gene=Rps6kb1] [db_xref=GeneID:72508] [protein=ribosomal protein S6 kinase beta-1 isoform X2] [protein_id=XP_006534378.1] [location=complement(join(86393551..86393788,86395092..86395204,86397617..86397724,86402415..86402492,86402651..86402713,86403632..86403739,86404126..86404216,86404373..86404463,86406917..86407017,86408409..86408466,86410718..86410865,86435392..86435532))] [gbkey=CDS]
Rps6kb1	1578	lcl|NC_000077.7_cds_NP_001107806.1_63726 [gene=Rps6kb1] [db_xref=CCDS:CCDS48875.1,GeneID:72508] [protein=ribosomal protein S6 kinase beta-1 isoform 1] [protein_id=NP_001107806.1] [location=complement(join(86393551..86393788,86395092..86395204,86397617..86397724,86402415..86402492,86402651..86402713,86403632..86403739,86404126..86404216,86404373..86404463,86406917..86407017,86408409..86408466,86410718..86410865,86423598..86423666,86424852..86424972,86426237..86426286,86435392..86435532))] [gbkey=CDS]
Rps6kb1	1419	lcl|NC_000077.7_cds_NP_001350091.1_63727 [gene=Rps6kb1] [db_xref=GeneID:72508] [protein=ribosomal protein S6 kinase beta-1 isoform 3] [protein_id=NP_001350091.1] [location=complement(join(86393551..86393788,86395092..86395204,86397617..86397724,86402415..86402492,86402651..86402713,86403632..86403739,86404126..86404216,86404373..86404463,86406917..86407017,86408409..86408466,86410718..86410865,86423598..86423666,86424852..86424972,86426237..86426268))] [gbkey=CDS]
Rps6kb1	969	lcl|NC_000077.7_cds_XP_036012907.1_63728 [gene=Rps6kb1] [db_xref=GeneID:72508] [protein=ribosomal protein S6 kinase beta-1 isoform X4] [protein_id=XP_036012907.1] [location=complement(join(86393551..86393788,86395092..86395204,86397617..86397724,86402415..86402492,86402651..86402713,86403632..86403739,86404126..86404216,86404373..86404463,86406917..86406995))] [gbkey=CDS]
Rps6kb1	969	lcl|NC_000077.7_cds_XP_036012908.1_63729 [gene=Rps6kb1] [db_xref=GeneID:72508] [protein=ribosomal protein S6 kinase beta-1 isoform X4] [protein_id=XP_036012908.1] [location=complement(join(86393551..86393788,86395092..86395204,86397617..86397724,86402415..86402492,86402651..86402713,86403632..86403739,86404126..86404216,86404373..86404463,86406917..86406995))] [gbkey=CDS]
Rps6kb1	969	lcl|NC_000077.7_cds_XP_036012909.1_63730 [gene=Rps6kb1] [db_xref=GeneID:72508] [protein=ribosomal protein S6 kinase beta-1 isoform X4] [protein_id=XP_036012909.1] [location=complement(join(86393551..86393788,86395092..86395204,86397617..86397724,86402415..86402492,86402651..86402713,86403632..86403739,86404126..86404216,86404373..86404463,86406917..86406995))] [gbkey=CDS]
Rps6kb1	969	lcl|NC_000077.7_cds_XP_036012910.1_63731 [gene=Rps6kb1] [db_xref=GeneID:72508] [protein=ribosomal protein S6 kinase beta-1 isoform X4] [protein_id=XP_036012910.1] [location=complement(join(86393551..86393788,86395092..86395204,86397617..86397724,86402415..86402492,86402651..86402713,86403632..86403739,86404126..86404216,86404373..86404463,86406917..86406995))] [gbkey=CDS]
Rps6kb1	801	lcl|NC_000077.7_cds_XP_036012911.1_63732 [gene=Rps6kb1] [db_xref=GeneID:72508] [protein=ribosomal protein S6 kinase beta-1 isoform X5] [protein_id=XP_036012911.1] [location=complement(join(86393551..86393788,86395092..86395204,86397617..86397724,86402415..86402492,86402651..86402713,86403632..86403739,86404126..86404216,86404373..86404374))] [gbkey=CDS]
Rps6kb1	1356	lcl|NC_000077.7_cds_XP_011247577.1_63733 [gene=Rps6kb1] [db_xref=GeneID:72508] [protein=ribosomal protein S6 kinase beta-1 isoform X1] [protein_id=XP_011247577.1] [location=complement(join(86393791..86393806,86395092..86395204,86397617..86397724,86402415..86402492,86402651..86402713,86403632..86403739,86404126..86404216,86404373..86404463,86406917..86407017,86408409..86408466,86410718..86410865,86423598..86423666,86424852..86424972,86426237..86426286,86435392..86435532))] [gbkey=CDS]
Rps6kb1	1299	lcl|NC_000077.7_cds_XP_011247578.1_63734 [gene=Rps6kb1] [db_xref=GeneID:72508] [protein=ribosomal protein S6 kinase beta-1 isoform X3] [protein_id=XP_011247578.1] [location=complement(join(86396936..86397007,86397617..86397724,86402415..86402492,86402651..86402713,86403632..86403739,86404126..86404216,86404373..86404463,86406917..86407017,86408409..86408466,86410718..86410865,86423598..86423666,86424852..86424972,86426237..86426286,86435392..86435532))] [gbkey=CDS]
Rps6kb1	951	lcl|NC_000077.7_cds_NP_082535.1_63735 [gene=Rps6kb1] [db_xref=CCDS:CCDS25201.1,GeneID:72508] [protein=ribosomal protein S6 kinase beta-1 isoform 2] [protein_id=NP_082535.1] [location=complement(join(86407592..86407813,86407977..86408075,86408176..86408218,86408409..86408466,86410718..86410865,86423598..86423666,86424852..86424972,86426237..86426286,86435392..86435532))] [gbkey=CDS]
Rpl23	423	lcl|NC_000077.7_cds_NP_075029.1_64457 [gene=Rpl23] [db_xref=CCDS:CCDS25331.1,GeneID:65019] [protein=large ribosomal subunit protein uL14] [protein_id=NP_075029.1] [location=complement(join(97668908..97668990,97669091..97669204,97672160..97672288,97672632..97672715,97673170..97673182))] [gbkey=CDS]
Rpl19	591	lcl|NC_000077.7_cds_XP_036012353.1_64490 [gene=Rpl19] [db_xref=GeneID:19921] [protein=large ribosomal subunit protein eL19 isoform X1] [protein_id=XP_036012353.1] [location=join(97917812..97917816,97918649..97918755,97919172..97919294,97920221..97920341,97920601..97920711,97921097..97921220)] [gbkey=CDS]
Rpl19	591	lcl|NC_000077.7_cds_XP_036012354.1_64491 [gene=Rpl19] [db_xref=GeneID:19921] [protein=large ribosomal subunit protein eL19 isoform X1] [protein_id=XP_036012354.1] [location=join(97917812..97917816,97918649..97918755,97919172..97919294,97920221..97920341,97920601..97920711,97921097..97921220)] [gbkey=CDS]
Rpl19	591	lcl|NC_000077.7_cds_NP_033104.2_64492 [gene=Rpl19] [db_xref=CCDS:CCDS25337.1,GeneID:19921] [protein=large ribosomal subunit protein eL19 isoform 1] [protein_id=NP_033104.2] [location=join(97917812..97917816,97918649..97918755,97919172..97919294,97920221..97920341,97920601..97920711,97921097..97921220)] [gbkey=CDS]
Rpl19	585	lcl|NC_000077.7_cds_XP_030101565.1_64493 [gene=Rpl19] [db_xref=GeneID:19921] [protein=large ribosomal subunit protein eL19 isoform X2] [protein_id=XP_030101565.1] [location=join(97918650..97918755,97919172..97919294,97920221..97920341,97920601..97920711,97921097..97921220)] [gbkey=CDS]
Rpl19	585	lcl|NC_000077.7_cds_NP_001152955.1_64494 [gene=Rpl19] [db_xref=CCDS:CCDS48900.1,GeneID:19921] [protein=large ribosomal subunit protein eL19 isoform 2] [protein_id=NP_001152955.1] [location=join(97918650..97918755,97919172..97919294,97920221..97920341,97920601..97920711,97921097..97921220)] [gbkey=CDS]
Rpl19	585	lcl|NC_000077.7_cds_XP_006532673.1_64495 [gene=Rpl19] [db_xref=GeneID:19921] [protein=large ribosomal subunit protein eL19 isoform X2] [protein_id=XP_006532673.1] [location=join(97918650..97918755,97919172..97919294,97920221..97920341,97920601..97920711,97921097..97921220)] [gbkey=CDS]
Rpl27	411	lcl|NC_000077.7_cds_NP_035419.1_64902 [gene=Rpl27] [db_xref=CCDS:CCDS25470.1,GeneID:19942] [protein=large ribosomal subunit protein eL27] [protein_id=NP_035419.1] [location=join(101333551..101333631,101334327..101334496,101336046..101336156,101336265..101336313)] [gbkey=CDS]
Rpl38	213	lcl|NC_000077.7_cds_XP_017170209.1_65748 [gene=Rpl38] [db_xref=GeneID:67671] [protein=large ribosomal subunit protein eL38 isoform X1] [protein_id=XP_017170209.1] [location=join(114559638..114559640,114559732..114559792,114562560..114562682,114563091..114563116)] [gbkey=CDS]
Rpl38	213	lcl|NC_000077.7_cds_NP_001041523.1_65749 [gene=Rpl38] [db_xref=CCDS:CCDS36365.1,GeneID:67671] [protein=large ribosomal subunit protein eL38] [protein_id=NP_001041523.1] [location=join(114559638..114559640,114559732..114559792,114562560..114562682,114563091..114563116)] [gbkey=CDS]
Rpl38	213	lcl|NC_000077.7_cds_NP_001041522.1_65750 [gene=Rpl38] [db_xref=CCDS:CCDS36365.1,GeneID:67671] [protein=large ribosomal subunit protein eL38] [protein_id=NP_001041522.1] [location=join(114559638..114559640,114559732..114559792,114562560..114562682,114563091..114563116)] [gbkey=CDS]
Rpl38	213	lcl|NC_000077.7_cds_NP_075861.1_65751 [gene=Rpl38] [db_xref=CCDS:CCDS36365.1,GeneID:67671] [protein=large ribosomal subunit protein eL38] [protein_id=NP_075861.1] [location=join(114559638..114559640,114559732..114559792,114562560..114562682,114563091..114563116)] [gbkey=CDS]
Rpl38	213	lcl|NC_000077.7_cds_NP_001349847.1_65752 [gene=Rpl38] [db_xref=CCDS:CCDS36365.1,GeneID:67671] [protein=large ribosomal subunit protein eL38] [protein_id=NP_001349847.1] [location=join(114559638..114559640,114559732..114559792,114562560..114562682,114563091..114563116)] [gbkey=CDS]
Rps7	585	lcl|NC_000078.7_cds_NP_035430.1_67304 [gene=Rps7] [db_xref=CCDS:CCDS25851.1,GeneID:20115] [protein=small ribosomal subunit protein eS7] [protein_id=NP_035430.1] [location=complement(join(28681115..28681192,28681623..28681773,28683767..28683831,28684208..28684351,28685415..28685486,28685579..28685653))] [gbkey=CDS]
Rpl10l	645	lcl|NC_000078.7_cds_NP_001156405.1_68031 [gene=Rpl10l] [db_xref=CCDS:CCDS49076.1,GeneID:238217] [protein=large ribosomal subunit protein uL16-like] [protein_id=NP_001156405.1] [location=complement(66330487..66331131)] [gbkey=CDS]
Rps29	171	lcl|NC_000078.7_cds_NP_033119.1_68037 [gene=Rps29] [db_xref=CCDS:CCDS36461.1,GeneID:20090] [protein=small ribosomal subunit protein uS14] [protein_id=NP_033119.1] [location=complement(join(69204587..69204595,69205435..69205534,69205771..69205832))] [gbkey=CDS]
Rpl36al	321	lcl|NC_000078.7_cds_NP_079865.1_68039 [gene=Rpl36al] [db_xref=CCDS:CCDS25946.1,GeneID:66483] [protein=60S ribosomal protein L36a-like] [protein_id=NP_079865.1] [location=complement(69229590..69229910)] [gbkey=CDS]
Rps6kl1	1557	lcl|NC_000078.7_cds_XP_030102568.1_68817 [gene=Rps6kl1] [db_xref=GeneID:238323] [protein=ribosomal protein S6 kinase-like 1 isoform X4] [protein_id=XP_030102568.1] [location=complement(join(85183147..85183257,85183520..85183615,85185205..85185287,85185427..85185516,85185852..85186442,85187118..85187250,85193637..85193729,85194520..85194644,85196428..85196662))] [gbkey=CDS]
Rps6kl1	1560	lcl|NC_000078.7_cds_XP_006515912.1_68818 [gene=Rps6kl1] [db_xref=GeneID:238323] [protein=ribosomal protein S6 kinase-like 1 isoform X3] [protein_id=XP_006515912.1] [location=complement(join(85183147..85183257,85183520..85183615,85185205..85185287,85185427..85185519,85185852..85186442,85187118..85187250,85193637..85193729,85194520..85194644,85196428..85196662))] [gbkey=CDS]
Rps6kl1	1605	lcl|NC_000078.7_cds_XP_030102567.1_68819 [gene=Rps6kl1] [db_xref=GeneID:238323] [protein=ribosomal protein S6 kinase-like 1 isoform X1] [protein_id=XP_030102567.1] [location=complement(join(85183147..85183257,85183520..85183615,85185205..85185287,85185427..85185516,85185852..85186442,85187118..85187250,85187603..85187650,85193637..85193729,85194520..85194644,85196428..85196662))] [gbkey=CDS]
Rps6kl1	1608	lcl|NC_000078.7_cds_NP_001351245.1_68820 [gene=Rps6kl1] [db_xref=GeneID:238323] [protein=ribosomal protein S6 kinase-like 1 isoform 3] [protein_id=NP_001351245.1] [location=complement(join(85183147..85183257,85183520..85183615,85185205..85185287,85185427..85185519,85185852..85186442,85187118..85187250,85187603..85187650,85193637..85193729,85194520..85194644,85196428..85196662))] [gbkey=CDS]
Rps6kl1	1587	lcl|NC_000078.7_cds_NP_001351246.1_68821 [gene=Rps6kl1] [db_xref=GeneID:238323] [protein=ribosomal protein S6 kinase-like 1 isoform 4] [protein_id=NP_001351246.1] [location=complement(join(85183147..85183257,85183520..85183615,85185205..85185287,85185427..85185516,85185852..85186442,85187118..85187250,85193637..85193729,85194520..85194644,85196398..85196662))] [gbkey=CDS]
Rps6kl1	1590	lcl|NC_000078.7_cds_XP_006515911.1_68822 [gene=Rps6kl1] [db_xref=GeneID:238323] [protein=ribosomal protein S6 kinase-like 1 isoform X2] [protein_id=XP_006515911.1] [location=complement(join(85183147..85183257,85183520..85183615,85185205..85185287,85185427..85185519,85185852..85186442,85187118..85187250,85193637..85193729,85194520..85194644,85196398..85196662))] [gbkey=CDS]
Rps6kl1	1635	lcl|NC_000078.7_cds_NP_666356.2_68823 [gene=Rps6kl1] [db_xref=CCDS:CCDS36496.1,GeneID:238323] [protein=ribosomal protein S6 kinase-like 1 isoform 2] [protein_id=NP_666356.2] [location=complement(join(85183147..85183257,85183520..85183615,85185205..85185287,85185427..85185516,85185852..85186442,85187118..85187250,85187603..85187650,85193637..85193729,85194520..85194644,85196398..85196662))] [gbkey=CDS]
Rps6kl1	1638	lcl|NC_000078.7_cds_NP_001351244.1_68824 [gene=Rps6kl1] [db_xref=GeneID:238323] [protein=ribosomal protein S6 kinase-like 1 isoform 1] [protein_id=NP_001351244.1] [location=complement(join(85183147..85183257,85183520..85183615,85185205..85185287,85185427..85185519,85185852..85186442,85187118..85187250,85187603..85187650,85193637..85193729,85194520..85194644,85196398..85196662))] [gbkey=CDS]
Rps6ka5	2325	lcl|NC_000078.7_cds_XP_006516338.1_69211 [gene=Rps6ka5] [db_xref=GeneID:73086] [protein=ribosomal protein S6 kinase alpha-5 isoform X1] [protein_id=XP_006516338.1] [location=complement(join(100517703..100517942,100519260..100519423,100520533..100520692,100524708..100524899,100537088..100537258,100540690..100540783,100541382..100541515,100541894..100542019,100543981..100544142,100547555..100547705,100562074..100562177,100564149..100564232,100582256..100582363,100585785..100585900,100620530..100620748,100691040..100691139))] [gbkey=CDS]
Rps6ka5	2313	lcl|NC_000078.7_cds_XP_036013517.1_69212 [gene=Rps6ka5] [db_xref=GeneID:73086] [protein=ribosomal protein S6 kinase alpha-5 isoform X2] [protein_id=XP_036013517.1] [location=complement(join(100517703..100517942,100519260..100519423,100520533..100520692,100524708..100524899,100537088..100537258,100540690..100540783,100541382..100541515,100541894..100542019,100543981..100544142,100547555..100547705,100562074..100562177,100582256..100582363,100585785..100585900,100620530..100620748,100644777..100644848,100691040..100691139))] [gbkey=CDS]
Rps6ka5	2397	lcl|NC_000078.7_cds_NP_001317631.1_69213 [gene=Rps6ka5] [db_xref=CCDS:CCDS88388.1,GeneID:73086] [protein=ribosomal protein S6 kinase alpha-5 isoform 2] [protein_id=NP_001317631.1] [location=complement(join(100517703..100517942,100519260..100519423,100520533..100520692,100524708..100524899,100537088..100537258,100540690..100540783,100541382..100541515,100541894..100542019,100543981..100544142,100547555..100547705,100562074..100562177,100564149..100564232,100582256..100582363,100585785..100585900,100620530..100620748,100644777..100644848,100691040..100691139))] [gbkey=CDS]
Rps6ka5	2592	lcl|NC_000078.7_cds_NP_705815.1_69214 [gene=Rps6ka5] [db_xref=CCDS:CCDS26107.1,GeneID:73086] [protein=ribosomal protein S6 kinase alpha-5 isoform 1] [protein_id=NP_705815.1] [location=complement(join(100517703..100517942,100519260..100519423,100520533..100520692,100524708..100524899,100537088..100537258,100540057..100540251,100540690..100540783,100541382..100541515,100541894..100542019,100543981..100544142,100547555..100547705,100562074..100562177,100564149..100564232,100582256..100582363,100585785..100585900,100620530..100620748,100644777..100644848,100691040..100691139))] [gbkey=CDS]
Rps6ka5	1743	lcl|NC_000078.7_cds_XP_030102809.1_69215 [gene=Rps6ka5] [db_xref=GeneID:73086] [protein=ribosomal protein S6 kinase alpha-5 isoform X3] [protein_id=XP_030102809.1] [location=complement(join(100517703..100517942,100519260..100519423,100520533..100520692,100524708..100524899,100537088..100537258,100540690..100540783,100541382..100541515,100541894..100542019,100543981..100544142,100547555..100547705,100562074..100562177,100564149..100564193))] [gbkey=CDS]
Rps6ka5	1743	lcl|NC_000078.7_cds_XP_030102810.1_69216 [gene=Rps6ka5] [db_xref=GeneID:73086] [protein=ribosomal protein S6 kinase alpha-5 isoform X3] [protein_id=XP_030102810.1] [location=complement(join(100517703..100517942,100519260..100519423,100520533..100520692,100524708..100524899,100537088..100537258,100540690..100540783,100541382..100541515,100541894..100542019,100543981..100544142,100547555..100547705,100562074..100562177,100564149..100564193))] [gbkey=CDS]
Rps6ka5	1743	lcl|NC_000078.7_cds_XP_036013518.1_69217 [gene=Rps6ka5] [db_xref=GeneID:73086] [protein=ribosomal protein S6 kinase alpha-5 isoform X3] [protein_id=XP_036013518.1] [location=complement(join(100517703..100517942,100519260..100519423,100520533..100520692,100524708..100524899,100537088..100537258,100540690..100540783,100541382..100541515,100541894..100542019,100543981..100544142,100547555..100547705,100562074..100562177,100564149..100564193))] [gbkey=CDS]
Rps23	432	lcl|NC_000079.7_cds_NP_077137.1_72699 [gene=Rps23] [db_xref=CCDS:CCDS26674.1,GeneID:66475] [protein=small ribosomal subunit protein uS12] [protein_id=NP_077137.1] [location=join(91071315..91071318,91071706..91071865,91072445..91072565,91072656..91072802)] [gbkey=CDS]
Rpl27a-ps4	447	lcl|NC_000079.7_cds_XP_036014175.1_72977 [gene=Rpl27a-ps4] [db_xref=GeneID:115488170] [protein=60S ribosomal protein L27a-like] [protein_id=XP_036014175.1] [location=99040732..99041178] [gbkey=CDS]
Rpl15	615	lcl|NC_000080.7_cds_NP_001346826.1_73439 [gene=Rpl15] [db_xref=CCDS:CCDS36812.1,GeneID:66480] [protein=large ribosomal subunit protein eL15] [protein_id=NP_001346826.1] [location=join(4199246..4199417,4199653..4199789,4200380..4200685)] [gbkey=CDS]
Rpl15	615	lcl|NC_000080.7_cds_NP_001346828.1_73440 [gene=Rpl15] [db_xref=CCDS:CCDS36812.1,GeneID:66480] [protein=large ribosomal subunit protein eL15] [protein_id=NP_001346828.1] [location=join(4199246..4199417,4199653..4199789,4200380..4200685)] [gbkey=CDS]
Rpl15	615	lcl|NC_000080.7_cds_NP_079862.1_73441 [gene=Rpl15] [db_xref=CCDS:CCDS36812.1,GeneID:66480] [protein=large ribosomal subunit protein eL15] [protein_id=NP_079862.1] [location=join(4199246..4199417,4199653..4199789,4200380..4200685)] [gbkey=CDS]
Rps24	444	lcl|NC_000080.7_cds_NP_001411500.1_74298 [gene=Rps24] [db_xref=GeneID:20088] [protein=small ribosomal subunit protein eS24 isoform 13] [protein_id=NP_001411500.1] [location=join(24540824..24540826,24541818..24541883,24541975..24542184,24543451..24543587,24545843..24545870)] [gbkey=CDS]
Rps24	438	lcl|NC_000080.7_cds_NP_001411499.1_74299 [gene=Rps24] [db_xref=GeneID:20088] [protein=small ribosomal subunit protein eS24 isoform 12] [protein_id=NP_001411499.1] [location=join(24540824..24540826,24541818..24541883,24541975..24542184,24543451..24543587,24545849..24545870)] [gbkey=CDS]
Rps24	423	lcl|NC_000080.7_cds_NP_001411498.1_74300 [gene=Rps24] [db_xref=GeneID:20088] [protein=small ribosomal subunit protein eS24 isoform 11] [protein_id=NP_001411498.1] [location=join(24540824..24540826,24541818..24541883,24541975..24542184,24543451..24543566,24545843..24545870)] [gbkey=CDS]
Rps24	420	lcl|NC_000080.7_cds_NP_001411496.1_74301 [gene=Rps24] [db_xref=GeneID:20088] [protein=small ribosomal subunit protein eS24 isoform 9] [protein_id=NP_001411496.1] [location=join(24540824..24540826,24541818..24541883,24541975..24542184,24543451..24543579,24545843..24545854)] [gbkey=CDS]
Rps24	405	lcl|NC_000080.7_cds_NP_001411486.1_74302 [gene=Rps24] [db_xref=GeneID:20088] [protein=small ribosomal subunit protein eS24 isoform 5] [protein_id=NP_001411486.1] [location=join(24540824..24540826,24541818..24541883,24541975..24542184,24543451..24543561,24543685..24543687,24545843..24545854)] [gbkey=CDS]
Rps24	402	lcl|NC_000080.7_cds_NP_997517.1_74303 [gene=Rps24] [db_xref=CCDS:CCDS36829.1,GeneID:20088] [protein=small ribosomal subunit protein eS24 isoform 2] [protein_id=NP_997517.1] [location=join(24540824..24540826,24541818..24541883,24541975..24542184,24543451..24543561,24545843..24545854)] [gbkey=CDS]
Rps24	396	lcl|NC_000080.7_cds_NP_001411497.1_74304 [gene=Rps24] [db_xref=GeneID:20088] [protein=small ribosomal subunit protein eS24 isoform 10] [protein_id=NP_001411497.1] [location=join(24540824..24540826,24541818..24541883,24541975..24542184,24543451..24543561,24545849..24545854)] [gbkey=CDS]
Rps24	396	lcl|NC_000080.7_cds_NP_001347514.1_74305 [gene=Rps24] [db_xref=GeneID:20088] [protein=small ribosomal subunit protein eS24 isoform 3] [protein_id=NP_001347514.1] [location=join(24540824..24540826,24541818..24541883,24541975..24542184,24543451..24543561,24543685..24543687,24545498..24545500)] [gbkey=CDS]
Rps24	393	lcl|NC_000080.7_cds_NP_035427.2_74306 [gene=Rps24] [db_xref=CCDS:CCDS36830.1,GeneID:20088] [protein=small ribosomal subunit protein eS24 isoform 1] [protein_id=NP_035427.2] [location=join(24540824..24540826,24541818..24541883,24541975..24542184,24543451..24543561,24545498..24545500)] [gbkey=CDS]
Rps24	399	lcl|NC_000080.7_cds_NP_001347513.1_74307 [gene=Rps24] [db_xref=GeneID:20088] [protein=small ribosomal subunit protein eS24 isoform 4] [protein_id=NP_001347513.1] [location=join(24540824..24540826,24541818..24541883,24541975..24542184,24543451..24543561,24543685..24543687,24544120..24544125)] [gbkey=CDS]
Rps24	396	lcl|NC_000080.7_cds_NP_001411488.1_74308 [gene=Rps24] [db_xref=GeneID:20088] [protein=small ribosomal subunit protein eS24 isoform 3] [protein_id=NP_001411488.1] [location=join(24540824..24540826,24541818..24541883,24541975..24542184,24543451..24543561,24544120..24544125)] [gbkey=CDS]
Rps24	396	lcl|NC_000080.7_cds_NP_001411487.1_74309 [gene=Rps24] [db_xref=GeneID:20088] [protein=small ribosomal subunit protein eS24 isoform 3] [protein_id=NP_001411487.1] [location=join(24540824..24540826,24541818..24541883,24541975..24542184,24543451..24543561,24544120..24544125)] [gbkey=CDS]
Rps24	396	lcl|NC_000080.7_cds_NP_001411489.1_74310 [gene=Rps24] [db_xref=GeneID:20088] [protein=small ribosomal subunit protein eS24 isoform 3] [protein_id=NP_001411489.1] [location=join(24540824..24540826,24541818..24541883,24541975..24542184,24543451..24543561,24544120..24544125)] [gbkey=CDS]
Rps24	396	lcl|NC_000080.7_cds_NP_001411490.1_74311 [gene=Rps24] [db_xref=GeneID:20088] [protein=small ribosomal subunit protein eS24 isoform 3] [protein_id=NP_001411490.1] [location=join(24540824..24540826,24541818..24541883,24541975..24542184,24543451..24543561,24544120..24544125)] [gbkey=CDS]
Rps24	396	lcl|NC_000080.7_cds_NP_997518.1_74312 [gene=Rps24] [db_xref=CCDS:CCDS88597.1,GeneID:20088] [protein=small ribosomal subunit protein eS24 isoform 3] [protein_id=NP_997518.1] [location=join(24540824..24540826,24541818..24541883,24541975..24542184,24543451..24543561,24544120..24544125)] [gbkey=CDS]
Rps24	366	lcl|NC_000080.7_cds_NP_001411491.1_74313 [gene=Rps24] [db_xref=GeneID:20088] [protein=small ribosomal subunit protein eS24 isoform 7] [protein_id=NP_001411491.1] [location=join(24541851..24541883,24541975..24542184,24543451..24543561,24545843..24545854)] [gbkey=CDS]
Rps24	366	lcl|NC_000080.7_cds_NP_001411493.1_74314 [gene=Rps24] [db_xref=GeneID:20088] [protein=small ribosomal subunit protein eS24 isoform 7] [protein_id=NP_001411493.1] [location=join(24541851..24541883,24541975..24542184,24543451..24543561,24545843..24545854)] [gbkey=CDS]
Rps24	366	lcl|NC_000080.7_cds_NP_001411492.1_74315 [gene=Rps24] [db_xref=GeneID:20088] [protein=small ribosomal subunit protein eS24 isoform 7] [protein_id=NP_001411492.1] [location=join(24541851..24541883,24541975..24542184,24543451..24543561,24545843..24545854)] [gbkey=CDS]
Rps24	357	lcl|NC_000080.7_cds_NP_001347515.1_74316 [gene=Rps24] [db_xref=CCDS:CCDS88598.1,GeneID:20088] [protein=small ribosomal subunit protein eS24 isoform 6] [protein_id=NP_001347515.1] [location=join(24541851..24541883,24541975..24542184,24543451..24543561,24545498..24545500)] [gbkey=CDS]
Rps24	357	lcl|NC_000080.7_cds_NP_001411494.1_74317 [gene=Rps24] [db_xref=GeneID:20088] [protein=small ribosomal subunit protein eS24 isoform 8] [protein_id=NP_001411494.1] [location=join(24541851..24541883,24541975..24542184,24543451..24543561,24545498..24545500)] [gbkey=CDS]
Rps24	357	lcl|NC_000080.7_cds_NP_001411495.1_74318 [gene=Rps24] [db_xref=GeneID:20088] [protein=small ribosomal subunit protein eS24 isoform 8] [protein_id=NP_001411495.1] [location=join(24541851..24541883,24541975..24542184,24543451..24543561,24545498..24545500)] [gbkey=CDS]
Rpl37	294	lcl|NC_000081.7_cds_NP_080345.1_77449 [gene=Rpl37] [db_xref=CCDS:CCDS37027.1,GeneID:67281] [protein=large ribosomal subunit protein eL37] [protein_id=NP_080345.1] [location=join(5146164..5146166,5146769..5146904,5147101..5147185,5148049..5148118)] [gbkey=CDS]
Rpl30	348	lcl|NC_000081.7_cds_NP_001156957.1_77835 [gene=Rpl30] [db_xref=CCDS:CCDS37057.1,GeneID:19946] [protein=large ribosomal subunit protein eL30] [protein_id=NP_001156957.1] [location=complement(join(34440701..34440750,34441378..34441508,34442781..34442926,34443171..34443191))] [gbkey=CDS]
Rpl30	348	lcl|NC_000081.7_cds_NP_033109.1_77836 [gene=Rpl30] [db_xref=CCDS:CCDS37057.1,GeneID:19946] [protein=large ribosomal subunit protein eL30] [protein_id=NP_033109.1] [location=complement(join(34440701..34440750,34441378..34441508,34442781..34442926,34443171..34443191))] [gbkey=CDS]
Rpl8	774	lcl|NC_000081.7_cds_NP_036183.1_79138 [gene=Rpl8] [db_xref=CCDS:CCDS27595.1,GeneID:26961] [protein=large ribosomal subunit protein uL2] [protein_id=NP_036183.1] [location=join(76788513..76788650,76788739..76788880,76789018..76789236,76790056..76790171,76790321..76790479)] [gbkey=CDS]
Rpl3	1212	lcl|NC_000081.7_cds_NP_038790.2_79548 [gene=Rpl3] [db_xref=CCDS:CCDS37144.1,GeneID:27367] [protein=large ribosomal subunit protein uL3] [protein_id=NP_038790.2] [location=complement(join(79962051..79962095,79962188..79962307,79962532..79962627,79962908..79963009,79963891..79964051,79964567..79964753,79965097..79965232,79965816..79965984,79966591..79966783,79967525..79967527))] [gbkey=CDS]
Rps19bp1	432	lcl|NC_000081.7_cds_NP_780318.1_79574 [gene=Rps19bp1] [db_xref=CCDS:CCDS27662.1,GeneID:66538] [protein=active regulator of SIRT1] [protein_id=NP_780318.1] [location=complement(join(80145185..80145331,80145498..80145595,80148184..80148318,80148428..80148479))] [gbkey=CDS]
Rpl39l	156	lcl|NC_000082.7_cds_NP_080870.1_81498 [gene=Rpl39l] [db_xref=CCDS:CCDS37248.1,GeneID:68172] [protein=large ribosomal subunit protein eL39-like] [protein_id=NP_080870.1] [location=9992174..9992329] [gbkey=CDS]
Rpl39l	156	lcl|NC_000082.7_cds_XP_006522569.1_81499 [gene=Rpl39l] [db_xref=GeneID:68172] [protein=large ribosomal subunit protein eL39-like isoform X1] [protein_id=XP_006522569.1] [location=9992174..9992329] [gbkey=CDS]
Rpl31-ps12	438	lcl|NC_000082.7_cds_NP_001245387.1_81744 [gene=Rpl31-ps12] [db_xref=GeneID:665562] [protein=uncharacterized protein LOC665562] [protein_id=NP_001245387.1] [location=complement(16637610..16638047)] [gbkey=CDS]
Rpl35a	333	lcl|NC_000082.7_cds_NP_067313.2_82678 [gene=Rpl35a] [db_xref=CCDS:CCDS28126.1,GeneID:57808] [protein=large ribosomal subunit protein eL33] [protein_id=NP_067313.2] [location=join(32877538..32877548,32877760..32877912,32879049..32879193,32880468..32880491)] [gbkey=CDS]
Rpl35a	333	lcl|NC_000082.7_cds_NP_001123956.1_82679 [gene=Rpl35a] [db_xref=CCDS:CCDS28126.1,GeneID:57808] [protein=large ribosomal subunit protein eL33] [protein_id=NP_001123956.1] [location=join(32877538..32877548,32877760..32877912,32879049..32879193,32880468..32880491)] [gbkey=CDS]
Rpl35a	333	lcl|NC_000082.7_cds_NP_001123957.1_82680 [gene=Rpl35a] [db_xref=CCDS:CCDS28126.1,GeneID:57808] [protein=large ribosomal subunit protein eL33] [protein_id=NP_001123957.1] [location=join(32877538..32877548,32877760..32877912,32879049..32879193,32880468..32880491)] [gbkey=CDS]
Rpl24	474	lcl|NC_000082.7_cds_NP_077180.1_83305 [gene=Rpl24] [db_xref=CCDS:CCDS28218.1,GeneID:68193] [protein=large ribosomal subunit protein eL24] [protein_id=NP_077180.1] [location=join(55786797..55786801,55786910..55786985,55787423..55787533,55789873..55790009,55790475..55790538,55791674..55791754)] [gbkey=CDS]
Rps6ka2	2151	lcl|NC_000083.7_cds_XP_006523262.1_84367 [gene=Rps6ka2] [db_xref=GeneID:20112] [protein=ribosomal protein S6 kinase alpha-2 isoform X2] [protein_id=XP_006523262.1] [location=join(7356656..7356703,7495312..7495428,7503445..7503526,7514101..7514181,7516691..7516770,7518939..7519045,7521811..7521848,7523230..7523372,7528403..7528473,7529527..7529615,7538991..7539055,7544862..7544964,7549168..7549298,7550143..7550268,7556314..7556403,7558029..7558187,7560145..7560306,7562602..7562678,7563414..7563531,7566682..7566819,7567615..7567740)] [gbkey=CDS]
Rps6ka2	2154	lcl|NC_000083.7_cds_XP_006523261.1_84368 [gene=Rps6ka2] [db_xref=GeneID:20112] [protein=ribosomal protein S6 kinase alpha-2 isoform X1] [protein_id=XP_006523261.1] [location=join(7405979..7406029,7495312..7495428,7503445..7503526,7514101..7514181,7516691..7516770,7518939..7519045,7521811..7521848,7523230..7523372,7528403..7528473,7529527..7529615,7538991..7539055,7544862..7544964,7549168..7549298,7550143..7550268,7556314..7556403,7558029..7558187,7560145..7560306,7562602..7562678,7563414..7563531,7566682..7566819,7567615..7567740)] [gbkey=CDS]
Rps6ka2	2202	lcl|NC_000083.7_cds_NP_035429.1_84369 [gene=Rps6ka2] [db_xref=CCDS:CCDS28376.1,GeneID:20112] [protein=ribosomal protein S6 kinase alpha-2] [protein_id=NP_035429.1] [location=join(7437744..7437842,7495312..7495428,7503445..7503526,7514101..7514181,7516691..7516770,7518939..7519045,7521811..7521848,7523230..7523372,7528403..7528473,7529527..7529615,7538991..7539055,7544862..7544964,7549168..7549298,7550143..7550268,7556314..7556403,7558029..7558187,7560145..7560306,7562602..7562678,7563414..7563531,7566682..7566819,7567615..7567740)] [gbkey=CDS]
Rps6ka2	1881	lcl|NC_000083.7_cds_XP_006523263.1_84370 [gene=Rps6ka2] [db_xref=GeneID:20112] [protein=ribosomal protein S6 kinase alpha-2 isoform X3] [protein_id=XP_006523263.1] [location=join(7514124..7514181,7516691..7516770,7518939..7519045,7521811..7521848,7523230..7523372,7528403..7528473,7529527..7529615,7538991..7539055,7544862..7544964,7549168..7549298,7550143..7550268,7556314..7556403,7558029..7558187,7560145..7560306,7562602..7562678,7563414..7563531,7566682..7566819,7567615..7567740)] [gbkey=CDS]
Rps6ka2	1881	lcl|NC_000083.7_cds_XP_006523264.1_84371 [gene=Rps6ka2] [db_xref=GeneID:20112] [protein=ribosomal protein S6 kinase alpha-2 isoform X3] [protein_id=XP_006523264.1] [location=join(7514124..7514181,7516691..7516770,7518939..7519045,7521811..7521848,7523230..7523372,7528403..7528473,7529527..7529615,7538991..7539055,7544862..7544964,7549168..7549298,7550143..7550268,7556314..7556403,7558029..7558187,7560145..7560306,7562602..7562678,7563414..7563531,7566682..7566819,7567615..7567740)] [gbkey=CDS]
Rps2	882	lcl|NC_000083.7_cds_NP_032529.2_85251 [gene=Rps2] [db_xref=CCDS:CCDS37493.1,GeneID:16898] [protein=small ribosomal subunit protein uS5] [protein_id=NP_032529.2] [location=join(24939250..24939426,24939508..24939705,24939943..24940276,24940597..24940688,24940777..24940857)] [gbkey=CDS]
Rpl3l	1224	lcl|NC_000083.7_cds_NP_001157417.1_85253 [gene=Rpl3l] [db_xref=CCDS:CCDS50019.1,GeneID:66211] [protein=large ribosomal subunit protein uL3-like isoform 1] [protein_id=NP_001157417.1] [location=join(24946858..24946860,24947291..24947483,24949843..24950011,24951310..24951445,24952283..24952469,24952558..24952718,24952891..24952992,24954391..24954486,24954696..24954815,24954974..24955030)] [gbkey=CDS]
Rpl3l	1068	lcl|NC_000083.7_cds_XP_017173098.1_85254 [gene=Rpl3l] [db_xref=GeneID:66211] [protein=large ribosomal subunit protein uL3-like isoform X1] [protein_id=XP_017173098.1] [location=join(24947444..24947483,24949843..24950011,24951310..24951445,24952283..24952469,24952558..24952718,24952891..24952992,24954391..24954486,24954696..24954815,24954974..24955030)] [gbkey=CDS]
Rpl3l	1068	lcl|NC_000083.7_cds_XP_030105842.1_85255 [gene=Rpl3l] [db_xref=GeneID:66211] [protein=large ribosomal subunit protein uL3-like isoform X1] [protein_id=XP_030105842.1] [location=join(24947444..24947483,24949843..24950011,24951310..24951445,24952283..24952469,24952558..24952718,24952891..24952992,24954391..24954486,24954696..24954815,24954974..24955030)] [gbkey=CDS]
Rpl3l	723	lcl|NC_000083.7_cds_NP_079701.1_85256 [gene=Rpl3l] [db_xref=CCDS:CCDS37494.1,GeneID:66211] [protein=large ribosomal subunit protein uL3-like isoform 2] [protein_id=NP_079701.1] [location=join(24952283..24952469,24952558..24952718,24952891..24952992,24954391..24954486,24954696..24954815,24954974..24955030)] [gbkey=CDS]
Rps10	465	lcl|NC_000083.7_cds_NP_001351863.1_85738 [gene=Rps10] [db_xref=CCDS:CCDS89035.1,GeneID:67097] [protein=small ribosomal subunit protein eS10 isoform 2] [protein_id=NP_001351863.1] [location=complement(join(27849416..27849480,27851253..27851330,27853046..27853217,27853300..27853449))] [gbkey=CDS]
Rps10	498	lcl|NC_000083.7_cds_NP_080239.1_85739 [gene=Rps10] [db_xref=CCDS:CCDS37522.1,GeneID:67097] [protein=small ribosomal subunit protein eS10 isoform 1] [protein_id=NP_080239.1] [location=complement(join(27849439..27849480,27850174..27850229,27851253..27851330,27853046..27853217,27853300..27853449))] [gbkey=CDS]
Rpl10a	654	lcl|NC_000083.7_cds_NP_035417.2_85821 [gene=Rpl10a] [db_xref=CCDS:CCDS28576.1,GeneID:19896] [protein=large ribosomal subunit protein uL1 isoform 1] [protein_id=NP_035417.2] [location=join(28547588..28547592,28547785..28547859,28547941..28548021,28548348..28548496,28549499..28549671,28549804..28549974)] [gbkey=CDS]
Rpl10a	402	lcl|NC_000083.7_cds_NP_001344557.1_85822 [gene=Rpl10a] [db_xref=GeneID:19896] [protein=large ribosomal subunit protein uL1 isoform 2] [protein_id=NP_001344557.1] [location=join(28548439..28548496,28549499..28549671,28549804..28549974)] [gbkey=CDS]
Rps28	210	lcl|NC_000083.7_cds_NP_001342313.1_86313 [gene=Rps28] [db_xref=CCDS:CCDS37571.1,GeneID:54127] [protein=small ribosomal subunit protein eS28] [protein_id=NP_001342313.1] [location=complement(join(34042182..34042304,34043273..34043320,34043408..34043446))] [gbkey=CDS]
Rps28	210	lcl|NC_000083.7_cds_NP_058540.1_86314 [gene=Rps28] [db_xref=CCDS:CCDS37571.1,GeneID:54127] [protein=small ribosomal subunit protein eS28] [protein_id=NP_058540.1] [location=complement(join(34042182..34042304,34043273..34043320,34043408..34043446))] [gbkey=CDS]
Rps18	459	lcl|NC_000083.7_cds_NP_035426.1_86346 [gene=Rps18] [db_xref=CCDS:CCDS37573.1,GeneID:20084] [protein=small ribosomal subunit protein uS13] [protein_id=NP_035426.1] [location=complement(join(34171017..34171092,34171195..34171286,34171377..34171565,34174052..34174150,34174592..34174594))] [gbkey=CDS]
Rpl7l1	741	lcl|NC_000083.7_cds_NP_079709.2_87422 [gene=Rpl7l1] [db_xref=CCDS:CCDS28842.1,GeneID:66229] [protein=large ribosomal subunit protein uL30-like 1] [protein_id=NP_079709.2] [location=complement(join(47088989..47089197,47089336..47089445,47090211..47090348,47091317..47091477,47092709..47092817,47093545..47093558))] [gbkey=CDS]
Rpl36	318	lcl|NC_000083.7_cds_NP_061200.2_87851 [gene=Rpl36] [db_xref=CCDS:CCDS37665.1,GeneID:54217] [protein=large ribosomal subunit protein eL36] [protein_id=NP_061200.2] [location=join(56920588..56920680,56920907..56921041,56921124..56921213)] [gbkey=CDS]
Rpl36	318	lcl|NC_000083.7_cds_XP_030105767.1_87852 [gene=Rpl36] [db_xref=GeneID:54217] [protein=large ribosomal subunit protein eL36 isoform X1] [protein_id=XP_030105767.1] [location=join(56920588..56920680,56920907..56921041,56921124..56921213)] [gbkey=CDS]
Rps14	456	lcl|NC_000084.7_cds_NP_065625.2_90421 [gene=Rps14] [db_xref=CCDS:CCDS29274.1,GeneID:20044] [protein=small ribosomal subunit protein uS11] [protein_id=NP_065625.2] [location=join(60909475..60909623,60910002..60910163,60910885..60910961,60911503..60911570)] [gbkey=CDS]
Rpl17	606	lcl|NC_000084.7_cds_NP_001392894.1_90939 [gene=Rpl17] [db_xref=GeneID:319195] [protein=large ribosomal subunit protein uL22 isoform b] [protein_id=NP_001392894.1] [location=join(75133833..75133911,75134262..75134314,75134737..75134871,75135095..75135193,75135732..75135923,75136265..75136312)] [gbkey=CDS]
Rpl17	555	lcl|NC_000084.7_cds_NP_001002239.2_90940 [gene=Rpl17] [db_xref=CCDS:CCDS29344.1,GeneID:319195] [protein=large ribosomal subunit protein uL22 isoform a] [protein_id=NP_001002239.2] [location=join(75134275..75134314,75134421..75134461,75134737..75134871,75135095..75135193,75135732..75135923,75136265..75136312)] [gbkey=CDS]
Rpl17	555	lcl|NC_000084.7_cds_NP_001392893.1_90941 [gene=Rpl17] [db_xref=GeneID:319195] [protein=large ribosomal subunit protein uL22 isoform a] [protein_id=NP_001392893.1] [location=join(75134275..75134314,75134421..75134461,75134737..75134871,75135095..75135193,75135732..75135923,75136265..75136312)] [gbkey=CDS]
Rpl17	555	lcl|NC_000084.7_cds_XP_006526059.1_90942 [gene=Rpl17] [db_xref=GeneID:319195] [protein=large ribosomal subunit protein uL22 isoform X2] [protein_id=XP_006526059.1] [location=join(75134275..75134314,75134421..75134461,75134737..75134871,75135095..75135193,75135732..75135923,75136265..75136312)] [gbkey=CDS]
Rpl17	441	lcl|NC_000084.7_cds_NP_001392895.1_90943 [gene=Rpl17] [db_xref=GeneID:319195] [protein=large ribosomal subunit protein uL22 isoform c] [protein_id=NP_001392895.1] [location=join(75134770..75134871,75135095..75135193,75135732..75135923,75136265..75136312)] [gbkey=CDS]
Rps6kb2	1458	lcl|NC_000085.7_cds_NP_067460.1_91397 [gene=Rps6kb2] [db_xref=CCDS:CCDS29419.1,GeneID:58988] [protein=ribosomal protein S6 kinase beta-2] [protein_id=NP_067460.1] [location=complement(join(4207009..4207198,4207481..4207593,4207681..4207788,4207878..4207955,4208065..4208127,4208609..4208716,4208828..4208918,4209002..4209092,4209226..4209326,4209402..4209459,4211067..4211214,4212259..4212327,4212602..4212722,4212821..4212861,4213167..4213244))] [gbkey=CDS]
Rps6kb2	1167	lcl|NC_000085.7_cds_XP_006531876.1_91398 [gene=Rps6kb2] [db_xref=GeneID:58988] [protein=ribosomal protein S6 kinase beta-2 isoform X1] [protein_id=XP_006531876.1] [location=complement(join(4207009..4207198,4207481..4207593,4207681..4207788,4207878..4207955,4208065..4208127,4208609..4208716,4208828..4208918,4209002..4209092,4209226..4209326,4209402..4209459,4211067..4211214,4212259..4212276))] [gbkey=CDS]
Rps6ka4	2322	lcl|NC_000085.7_cds_NP_064308.2_91796 [gene=Rps6ka4] [db_xref=CCDS:CCDS37899.1,GeneID:56613] [protein=ribosomal protein S6 kinase alpha-4] [protein_id=NP_064308.2] [location=complement(join(6807307..6807507,6807683..6807846,6807955..6808114,6808359..6808553,6808642..6808815,6809136..6809229,6809319..6809452,6809624..6809752,6812469..6812633,6814695..6814845,6814948..6815051,6815124..6815204,6815423..6815530,6816620..6816735,6816828..6817046,6817702..6817773,6817861..6817915))] [gbkey=CDS]
Rps6ka4	2133	lcl|NC_000085.7_cds_XP_017173750.1_91797 [gene=Rps6ka4] [db_xref=GeneID:56613] [protein=ribosomal protein S6 kinase alpha-4 isoform X1] [protein_id=XP_017173750.1] [location=complement(join(6807307..6807507,6807683..6807846,6807955..6808114,6808359..6808553,6808642..6808815,6809136..6809229,6809319..6809452,6809624..6809752,6812469..6812633,6814695..6814845,6814948..6815051,6815124..6815204,6815423..6815530,6816620..6816735,6816828..6816984))] [gbkey=CDS]
Rpl39	156	lcl|NC_000086.8_cds_NP_080331.1_94623 [gene=Rpl39] [db_xref=CCDS:CCDS40927.1,GeneID:67248] [protein=large ribosomal subunit protein eL39] [protein_id=NP_080331.1] [location=complement(join(36346354..36346402,36347638..36347741,36348778..36348780))] [gbkey=CDS]
Rpl10	645	lcl|NC_000086.8_cds_NP_443067.1_95566 [gene=Rpl10] [db_xref=CCDS:CCDS41019.1,GeneID:110954] [protein=large ribosomal subunit protein uL16] [protein_id=NP_443067.1] [location=join(73314608..73314630,73315266..73315324,73315406..73315513,73315785..73315923,73316278..73316440,73316521..73316673)] [gbkey=CDS]
Rpl17-ps8	600	lcl|NC_000086.8_cds_XP_036018025.1_95942 [gene=Rpl17-ps8] [db_xref=GeneID:102632403] [protein=60S ribosomal protein L17-like] [protein_id=XP_036018025.1] [location=95528456..95529055] [gbkey=CDS]
Rps4x	762	lcl|NC_000086.8_cds_NP_001412923.1_96188 [gene=Rps4x] [db_xref=GeneID:20102] [protein=small ribosomal subunit protein eS4 isoform 3] [protein_id=NP_001412923.1] [location=complement(join(101228636..101228737,101229109..101229266,101230002..101230173,101230961..101231058,101231428..101231578,101231900..101231977,101232904..101232906))] [gbkey=CDS]
Rps4x	792	lcl|NC_000086.8_cds_NP_033120.1_96189 [gene=Rps4x] [db_xref=CCDS:CCDS41083.1,GeneID:20102] [protein=small ribosomal subunit protein eS4 isoform 2] [protein_id=NP_033120.1] [location=complement(join(101228636..101228737,101229109..101229266,101230002..101230173,101230961..101231058,101231428..101231608,101231900..101231977,101232904..101232906))] [gbkey=CDS]
Rps4x	804	lcl|NC_000086.8_cds_NP_001412922.1_96190 [gene=Rps4x] [db_xref=GeneID:20102] [protein=small ribosomal subunit protein eS4 isoform 1] [protein_id=NP_001412922.1] [location=complement(join(101228636..101228737,101229109..101229266,101230002..101230173,101230961..101231058,101231428..101231608,101231900..101231977,101232173..101232187))] [gbkey=CDS]
Rps4x	738	lcl|NC_000086.8_cds_NP_001412924.1_96191 [gene=Rps4x] [db_xref=GeneID:20102] [protein=small ribosomal subunit protein eS4 isoform 4] [protein_id=NP_001412924.1] [location=complement(join(101228636..101228737,101229109..101229266,101230002..101230173,101230961..101231058,101231428..101231608,101231900..101231926))] [gbkey=CDS]
Rps6ka6	2331	lcl|NC_000086.8_cds_XP_011246008.1_96360 [gene=Rps6ka6] [db_xref=GeneID:67071] [protein=ribosomal protein S6 kinase alpha-6 isoform X4] [protein_id=XP_011246008.1] [location=complement(join(110299477..110299608,110300784..110300915,110308278..110308395,110309905..110309981,110314375..110314536,110317153..110317311,110318342..110318431,110319030..110319152,110319547..110319677,110320232..110320334,110322402..110322460,110323235..110323323,110323535..110323605,110326795..110326937,110330609..110330646,110331367..110331473,110342311..110342390,110344014..110344094,110344884..110344965,110348850..110348966,110355928..110355987,110359989..110360051,110396366..110396479))] [gbkey=CDS]
Rps6ka6	2520	lcl|NC_000086.8_cds_XP_006528466.1_96361 [gene=Rps6ka6] [db_xref=GeneID:67071] [protein=ribosomal protein S6 kinase alpha-6 isoform X3] [protein_id=XP_006528466.1] [location=complement(join(110299477..110299608,110300784..110300915,110308278..110308395,110309905..110309981,110314375..110314536,110317153..110317311,110318342..110318431,110319030..110319152,110319547..110319677,110320232..110320334,110322402..110322460,110323235..110323323,110323535..110323605,110326795..110326937,110330609..110330646,110331367..110331473,110342311..110342390,110344014..110344094,110344884..110344965,110348850..110348966,110355928..110355987,110372547..110372798,110396366..110396479))] [gbkey=CDS]
Rps6ka6	2568	lcl|NC_000086.8_cds_XP_006528465.1_96362 [gene=Rps6ka6] [db_xref=GeneID:67071] [protein=ribosomal protein S6 kinase alpha-6 isoform X2] [protein_id=XP_006528465.1] [location=complement(join(110299477..110299608,110300784..110300915,110308278..110308395,110309905..110309966,110314375..110314536,110317153..110317311,110318342..110318431,110319030..110319152,110319547..110319677,110320232..110320334,110322402..110322460,110323235..110323323,110323535..110323605,110326795..110326937,110330609..110330646,110331367..110331473,110342311..110342390,110344014..110344094,110344884..110344965,110348850..110348966,110355928..110355987,110359989..110360051,110372547..110372798,110396366..110396479))] [gbkey=CDS]
Rps6ka6	2583	lcl|NC_000086.8_cds_XP_006528463.1_96363 [gene=Rps6ka6] [db_xref=GeneID:67071] [protein=ribosomal protein S6 kinase alpha-6 isoform X1] [protein_id=XP_006528463.1] [location=complement(join(110299477..110299608,110300784..110300915,110308278..110308395,110309905..110309981,110314375..110314536,110317153..110317311,110318342..110318431,110319030..110319152,110319547..110319677,110320232..110320334,110322402..110322460,110323235..110323323,110323535..110323605,110326795..110326937,110330609..110330646,110331367..110331473,110342311..110342390,110344014..110344094,110344884..110344965,110348850..110348966,110355928..110355987,110359989..110360051,110372547..110372798,110396366..110396479))] [gbkey=CDS]
Rps6ka6	2583	lcl|NC_000086.8_cds_XP_006528464.1_96364 [gene=Rps6ka6] [db_xref=GeneID:67071] [protein=ribosomal protein S6 kinase alpha-6 isoform X1] [protein_id=XP_006528464.1] [location=complement(join(110299477..110299608,110300784..110300915,110308278..110308395,110309905..110309981,110314375..110314536,110317153..110317311,110318342..110318431,110319030..110319152,110319547..110319677,110320232..110320334,110322402..110322460,110323235..110323323,110323535..110323605,110326795..110326937,110330609..110330646,110331367..110331473,110342311..110342390,110344014..110344094,110344884..110344965,110348850..110348966,110355928..110355987,110359989..110360051,110372547..110372798,110396366..110396479))] [gbkey=CDS]
Rps6ka6	2583	lcl|NC_000086.8_cds_NP_080225.2_96365 [gene=Rps6ka6] [db_xref=CCDS:CCDS30356.1,GeneID:67071] [protein=ribosomal protein S6 kinase alpha-6 isoform 1] [protein_id=NP_080225.2] [location=complement(join(110299477..110299608,110300784..110300915,110308278..110308395,110309905..110309981,110314375..110314536,110317153..110317311,110318342..110318431,110319030..110319152,110319547..110319677,110320232..110320334,110322402..110322460,110323235..110323323,110323535..110323605,110326795..110326937,110330609..110330646,110331367..110331473,110342311..110342390,110344014..110344094,110344884..110344965,110348850..110348966,110355928..110355987,110359989..110360051,110372547..110372798,110396366..110396479))] [gbkey=CDS]
Rps6ka6	2331	lcl|NC_000086.8_cds_XP_030107348.1_96366 [gene=Rps6ka6] [db_xref=GeneID:67071] [protein=ribosomal protein S6 kinase alpha-6 isoform X5] [protein_id=XP_030107348.1] [location=complement(join(110299477..110299608,110300784..110300915,110308278..110308395,110309905..110309966,110314375..110314536,110317153..110317311,110318342..110318431,110319030..110319152,110319547..110319677,110320232..110320334,110322402..110322460,110323235..110323323,110323535..110323605,110326795..110326937,110330609..110330646,110331367..110331473,110342311..110342390,110344014..110344094,110344884..110344965,110348850..110348966,110355928..110355987,110359989..110360051,110372547..110372675))] [gbkey=CDS]
Rps6ka6	2280	lcl|NC_000086.8_cds_NP_001385703.1_96367 [gene=Rps6ka6] [db_xref=GeneID:67071] [protein=ribosomal protein S6 kinase alpha-6 isoform 3] [protein_id=NP_001385703.1] [location=complement(join(110299477..110299608,110300784..110300915,110308278..110308395,110309905..110309966,110314375..110314536,110317153..110317311,110318342..110318431,110319030..110319152,110319547..110319677,110320232..110320334,110322402..110322460,110323235..110323323,110323535..110323605,110326795..110326937,110330609..110330646,110331367..110331473,110342311..110342390,110344014..110344094,110344884..110344965,110348850..110348966,110355928..110355987,110359989..110360051,110372547..110372624))] [gbkey=CDS]
Rps6ka6	2295	lcl|NC_000086.8_cds_NP_001361636.2_96368 [gene=Rps6ka6] [db_xref=GeneID:67071] [protein=ribosomal protein S6 kinase alpha-6 isoform 2] [protein_id=NP_001361636.2] [location=complement(join(110299477..110299608,110300784..110300915,110308278..110308395,110309905..110309981,110314375..110314536,110317153..110317311,110318342..110318431,110319030..110319152,110319547..110319677,110320232..110320334,110322402..110322460,110323235..110323323,110323535..110323605,110326795..110326937,110330609..110330646,110331367..110331473,110342311..110342390,110344014..110344094,110344884..110344965,110348850..110348966,110355928..110355987,110359989..110360051,110372547..110372624))] [gbkey=CDS]
Rps6ka6	2199	lcl|NC_000086.8_cds_XP_011246009.1_96369 [gene=Rps6ka6] [db_xref=GeneID:67071] [protein=ribosomal protein S6 kinase alpha-6 isoform X6] [protein_id=XP_011246009.1] [location=complement(join(110299477..110299608,110300784..110300915,110308278..110308395,110309905..110309981,110314375..110314536,110317153..110317311,110318342..110318431,110319030..110319152,110319547..110319677,110320232..110320334,110322402..110322460,110323235..110323323,110323535..110323605,110326795..110326937,110330609..110330646,110331367..110331473,110342311..110342390,110344014..110344094,110344884..110344965,110348850..110348966,110355928..110355987,110359989..110360033))] [gbkey=CDS]
Rps12-ps11	399	lcl|NC_000086.8_cds_XP_036018062.1_96485 [gene=Rps12-ps11] [db_xref=GeneID:434843] [protein=40S ribosomal protein S12-like] [protein_id=XP_036018062.1] [location=complement(123379656..123380054)] [gbkey=CDS]
Rps12-ps12	399	lcl|NC_000086.8_cds_XP_036018063.1_96486 [gene=Rps12-ps12] [db_xref=GeneID:665463] [protein=40S ribosomal protein S12-like] [protein_id=XP_036018063.1] [location=complement(123509061..123509459)] [gbkey=CDS]
Rps12-ps18	399	lcl|NC_000086.8_cds_XP_036018064.1_96487 [gene=Rps12-ps18] [db_xref=GeneID:100038969] [protein=40S ribosomal protein S12-like] [protein_id=XP_036018064.1] [location=complement(123912867..123913265)] [gbkey=CDS]
Rps12-ps15	399	lcl|NC_000086.8_cds_XP_036018065.1_96488 [gene=Rps12-ps15] [db_xref=GeneID:665522] [protein=40S ribosomal protein S12-like] [protein_id=XP_036018065.1] [location=complement(124030688..124031086)] [gbkey=CDS]
Rps12-ps13	399	lcl|NC_000086.8_cds_XP_036018067.1_96490 [gene=Rps12-ps13] [db_xref=GeneID:665579] [protein=40S ribosomal protein S12-like] [protein_id=XP_036018067.1] [location=complement(124582456..124582854)] [gbkey=CDS]
Rps12-ps14	399	lcl|NC_000086.8_cds_XP_036018068.1_96491 [gene=Rps12-ps14] [db_xref=GeneID:665611] [protein=40S ribosomal protein S12-like] [protein_id=XP_036018068.1] [location=complement(124765306..124765704)] [gbkey=CDS]
Rps12-ps16	399	lcl|NC_000086.8_cds_XP_036018069.1_96492 [gene=Rps12-ps16] [db_xref=GeneID:626048] [protein=40S ribosomal protein S12-like] [protein_id=XP_036018069.1] [location=complement(124894589..124894987)] [gbkey=CDS]
Rpl36a	321	lcl|NC_000086.8_cds_NP_063918.1_96568 [gene=Rpl36a] [db_xref=CCDS:CCDS41123.1,GeneID:19982] [protein=large ribosomal subunit protein eL42] [protein_id=NP_063918.1] [location=join(133486466..133486468,133486827..133486932,133487260..133487327,133488200..133488322,133488686..133488706)] [gbkey=CDS]
Rps6ka3	2223	lcl|NC_000086.8_cds_NP_683747.1_97276 [gene=Rps6ka3] [db_xref=CCDS:CCDS30502.1,GeneID:110651] [protein=ribosomal protein S6 kinase alpha-3 isoform 1] [protein_id=NP_683747.1] [location=join(158039116..158039184,158068262..158068318,158094460..158094576,158100917..158100998,158109837..158109917,158110768..158110847,158111367..158111473,158113554..158113591,158113783..158113925,158115147..158115217,158119691..158119779,158119959..158120023,158120182..158120284,158120914..158121038,158125581..158125706,158128336..158128425,158130012..158130170,158132248..158132409,158134360..158134436,158135312..158135429,158145638..158145778,158146359..158146481)] [gbkey=CDS]
Rps6ka3	2160	lcl|NC_000086.8_cds_XP_036017675.1_97277 [gene=Rps6ka3] [db_xref=GeneID:110651] [protein=ribosomal protein S6 kinase alpha-3 isoform X1] [protein_id=XP_036017675.1] [location=join(158067244..158067249,158068262..158068318,158094460..158094576,158100917..158100998,158109837..158109917,158110768..158110847,158111367..158111473,158113554..158113591,158113783..158113925,158115147..158115217,158119691..158119779,158119959..158120023,158120182..158120284,158120914..158121038,158125581..158125706,158128336..158128425,158130012..158130170,158132248..158132409,158134360..158134436,158135312..158135429,158145638..158145778,158146359..158146481)] [gbkey=CDS]
Rps6ka3	2139	lcl|NC_000086.8_cds_XP_017173843.1_97278 [gene=Rps6ka3] [db_xref=GeneID:110651] [protein=ribosomal protein S6 kinase alpha-3 isoform X2] [protein_id=XP_017173843.1] [location=join(158068277..158068318,158094460..158094576,158100917..158100998,158109837..158109917,158110768..158110847,158111367..158111473,158113554..158113591,158113783..158113925,158115147..158115217,158119691..158119779,158119959..158120023,158120182..158120284,158120914..158121038,158125581..158125706,158128336..158128425,158130012..158130170,158132248..158132409,158134360..158134436,158135312..158135429,158145638..158145778,158146359..158146481)] [gbkey=CDS]
Rps6ka3	2139	lcl|NC_000086.8_cds_XP_017173844.1_97279 [gene=Rps6ka3] [db_xref=GeneID:110651] [protein=ribosomal protein S6 kinase alpha-3 isoform X2] [protein_id=XP_017173844.1] [location=join(158068277..158068318,158094460..158094576,158100917..158100998,158109837..158109917,158110768..158110847,158111367..158111473,158113554..158113591,158113783..158113925,158115147..158115217,158119691..158119779,158119959..158120023,158120182..158120284,158120914..158121038,158125581..158125706,158128336..158128425,158130012..158130170,158132248..158132409,158134360..158134436,158135312..158135429,158145638..158145778,158146359..158146481)] [gbkey=CDS]
Rps6ka3	2139	lcl|NC_000086.8_cds_NP_001333604.1_97280 [gene=Rps6ka3] [db_xref=CCDS:CCDS85822.1,GeneID:110651] [protein=ribosomal protein S6 kinase alpha-3 isoform 2] [protein_id=NP_001333604.1] [location=join(158068277..158068318,158094460..158094576,158100917..158100998,158109837..158109917,158110768..158110847,158111367..158111473,158113554..158113591,158113783..158113925,158115147..158115217,158119691..158119779,158119959..158120023,158120182..158120284,158120914..158121038,158125581..158125706,158128336..158128425,158130012..158130170,158132248..158132409,158134360..158134436,158135312..158135429,158145638..158145778,158146359..158146481)] [gbkey=CDS]
Rps6ka3	2139	lcl|NC_000086.8_cds_XP_030107056.1_97281 [gene=Rps6ka3] [db_xref=GeneID:110651] [protein=ribosomal protein S6 kinase alpha-3 isoform X2] [protein_id=XP_030107056.1] [location=join(158068277..158068318,158094460..158094576,158100917..158100998,158109837..158109917,158110768..158110847,158111367..158111473,158113554..158113591,158113783..158113925,158115147..158115217,158119691..158119779,158119959..158120023,158120182..158120284,158120914..158121038,158125581..158125706,158128336..158128425,158130012..158130170,158132248..158132409,158134360..158134436,158135312..158135429,158145638..158145778,158146359..158146481)] [gbkey=CDS]
Rps6ka3	2139	lcl|NC_000086.8_cds_XP_030107058.1_97282 [gene=Rps6ka3] [db_xref=GeneID:110651] [protein=ribosomal protein S6 kinase alpha-3 isoform X2] [protein_id=XP_030107058.1] [location=join(158068277..158068318,158094460..158094576,158100917..158100998,158109837..158109917,158110768..158110847,158111367..158111473,158113554..158113591,158113783..158113925,158115147..158115217,158119691..158119779,158119959..158120023,158120182..158120284,158120914..158121038,158125581..158125706,158128336..158128425,158130012..158130170,158132248..158132409,158134360..158134436,158135312..158135429,158145638..158145778,158146359..158146481)] [gbkey=CDS]
Rps6ka3	2139	lcl|NC_000086.8_cds_XP_036017676.1_97283 [gene=Rps6ka3] [db_xref=GeneID:110651] [protein=ribosomal protein S6 kinase alpha-3 isoform X2] [protein_id=XP_036017676.1] [location=join(158068277..158068318,158094460..158094576,158100917..158100998,158109837..158109917,158110768..158110847,158111367..158111473,158113554..158113591,158113783..158113925,158115147..158115217,158119691..158119779,158119959..158120023,158120182..158120284,158120914..158121038,158125581..158125706,158128336..158128425,158130012..158130170,158132248..158132409,158134360..158134436,158135312..158135429,158145638..158145778,158146359..158146481)] [gbkey=CDS]
Rps6ka3	2139	lcl|NC_000086.8_cds_XP_006528750.1_97284 [gene=Rps6ka3] [db_xref=GeneID:110651] [protein=ribosomal protein S6 kinase alpha-3 isoform X2] [protein_id=XP_006528750.1] [location=join(158068277..158068318,158094460..158094576,158100917..158100998,158109837..158109917,158110768..158110847,158111367..158111473,158113554..158113591,158113783..158113925,158115147..158115217,158119691..158119779,158119959..158120023,158120182..158120284,158120914..158121038,158125581..158125706,158128336..158128425,158130012..158130170,158132248..158132409,158134360..158134436,158135312..158135429,158145638..158145778,158146359..158146481)] [gbkey=CDS]
Rps6ka3	2136	lcl|NC_000086.8_cds_XP_006528751.1_97285 [gene=Rps6ka3] [db_xref=GeneID:110651] [protein=ribosomal protein S6 kinase alpha-3 isoform X3] [protein_id=XP_006528751.1] [location=join(158086358..158086396,158094460..158094576,158100917..158100998,158109837..158109917,158110768..158110847,158111367..158111473,158113554..158113591,158113783..158113925,158115147..158115217,158119691..158119779,158119959..158120023,158120182..158120284,158120914..158121038,158125581..158125706,158128336..158128425,158130012..158130170,158132248..158132409,158134360..158134436,158135312..158135429,158145638..158145778,158146359..158146481)] [gbkey=CDS]
