codon,amino_acid,count,rscu
AAA,K,2541,0.7339
AAC,N,1456,1.1944
AAG,K,4384,1.2661
AAT,N,982,0.8056
ACA,T,1162,1.169
ACC,T,1282,1.2897
ACG,T,470,0.4728
ACT,T,1062,1.0684
AGA,R,1232,1.2767
AGC,S,1239,1.4354
AGG,R,1147,1.1886
AGT,S,948,1.0983
ATA,I,421,0.3513
ATC,I,1807,1.5079
ATG,M,1941,1.0
ATT,I,1367,1.1408
CAA,Q,739,0.4907
CAC,H,1324,1.1722
CAG,Q,2273,1.5093
CAT,H,935,0.8278
CCA,P,1332,1.2929
CCC,P,1097,1.0648
CCG,P,352,0.3417
CCT,P,1340,1.3007
CGA,R,776,0.8041
CGC,R,914,0.9472
CGG,R,1112,1.1523
CGT,R,609,0.6311
CTA,L,544,0.4474
CTC,L,1289,1.06
CTG,L,2740,2.2533
CTT,L,1217,1.0008
GAA,E,2273,0.8714
GAC,D,1768,0.9369
GAG,E,2944,1.1286
GAT,D,2006,1.0631
GCA,A,1327,0.9485
GCC,A,1934,1.3824
GCG,A,448,0.3202
GCT,A,1887,1.3488
GGA,G,1427,1.0477
GGC,G,1829,1.3429
GGG,G,1044,0.7665
GGT,G,1148,0.8429
GTA,V,643,0.5105
GTC,V,1119,0.8884
GTG,V,2057,1.6332
GTT,V,1219,0.9678
TAC,Y,1160,1.1042
TAT,Y,941,0.8958
TCA,S,697,0.8075
TCC,S,1009,1.169
TCG,S,235,0.2723
TCT,S,1051,1.2176
TGC,C,591,0.9949
TGG,W,728,1.0
TGT,C,597,1.0051
TTA,L,565,0.4646
TTC,F,1535,1.0132
TTG,L,941,0.7738
TTT,F,1495,0.9868
