codon,amino_acid,cai_weight
AAA,K,0.7101
AAC,N,0.9899
AAG,K,1.0
AAT,N,1.0
ACA,T,0.8189
ACC,T,0.8328
ACG,T,0.3365
ACT,T,1.0
AGA,R,1.0
AGC,S,0.9657
AGG,R,0.8216
AGT,S,1.0
ATA,I,0.3759
ATC,I,1.0
ATG,M,1.0
ATT,I,0.878
CAA,Q,0.3873
CAC,H,1.0
CAG,Q,1.0
CAT,H,0.7775
CCA,P,1.0
CCC,P,0.9698
CCG,P,0.315
CCT,P,0.9832
CGA,R,0.5079
CGC,R,0.8849
CGG,R,0.9288
CGT,R,0.4899
CTA,L,0.1803
CTC,L,0.4318
CTG,L,1.0
CTT,L,0.4317
GAA,E,0.9332
GAC,D,0.7828
GAG,E,1.0
GAT,D,1.0
GCA,A,0.7351
GCC,A,1.0
GCG,A,0.2244
GCT,A,0.9861
GGA,G,0.8683
GGC,G,1.0
GGG,G,0.638
GGT,G,0.6909
GTA,V,0.3084
GTC,V,0.4815
GTG,V,1.0
GTT,V,0.5896
TAC,Y,0.9215
TAT,Y,1.0
TCA,S,0.6715
TCC,S,0.7312
TCG,S,0.1125
TCT,S,0.8364
TGC,C,0.8579
TGG,W,1.0
TGT,C,1.0
TTA,L,0.2526
TTC,F,0.8951
TTG,L,0.3124
TTT,F,1.0
