dataset,model,feature,importance,signed_coef
Human_HCT116,Lasso,log_cds,0.4191708281878019,-0.4191708281878019
Human_HCT116,Lasso,log_utr5,0.19332233340087626,-0.19332233340087626
Human_HCT116,Lasso,utr5_size,0.14595316799744992,0.14595316799744992
Human_HCT116,Lasso,cds_CG,0.14220808926507028,0.14220808926507028
Human_HCT116,Lasso,cds_size,0.12728038855570475,0.12728038855570475
Human_HCT116,Lasso,utr5_CG,0.11337881046078857,0.11337881046078857
Human_HCT116,Lasso,uAUG_count,0.10814127267139058,-0.10814127267139058
Human_HCT116,Lasso,codon_TGT,0.10295551994282807,-0.10295551994282807
Human_HCT116,Lasso,codon_AAG,0.09031365452161057,0.09031365452161057
Human_HCT116,Lasso,cds_TG,0.0900063729668645,0.0900063729668645
Human_HCT116,Lasso,codon_GTG,0.08095466383809055,-0.08095466383809055
Human_HCT116,Lasso,cds_AA,0.07646587463308373,0.07646587463308373
Human_HCT116,Lasso,codon_TTA,0.07373577193133148,-0.07373577193133148
Human_HCT116,Lasso,utr5_GA,0.06539541310888018,0.06539541310888018
Human_HCT116,Lasso,cds_TA,0.06431376733770292,0.06431376733770292
Human_HCT116,Lasso,codon_GCT,0.06397455312991082,0.06397455312991082
Human_HCT116,Lasso,codon_GCC,0.06148896153580659,0.06148896153580659
Human_HCT116,Lasso,codon_GGC,0.06138326551902649,0.06138326551902649
Human_HCT116,Lasso,codon_CGC,0.061074261320988255,0.061074261320988255
Human_HCT116,Lasso,codon_AGT,0.06017960113314355,-0.06017960113314355
Human_HCT116,Lasso,cds_GT,0.05785700484509139,0.05785700484509139
Human_HCT116,Lasso,codon_GGT,0.05666716150254341,0.05666716150254341
Human_HCT116,Lasso,codon_CAT,0.05539963832073559,-0.05539963832073559
Human_HCT116,Lasso,codon_ATA,0.05415279072806163,-0.05415279072806163
Human_HCT116,Lasso,utr5_TT,0.053718065080981404,0.053718065080981404
Human_HCT116,Lasso,utr3_AT,0.05358018901494412,-0.05358018901494412
Human_HCT116,Lasso,codon_TCA,0.05220145174641682,-0.05220145174641682
Human_HCT116,Lasso,cds_AT,0.052067994794742535,0.052067994794742535
Human_HCT116,Lasso,cds_TC,0.04913604963709504,0.04913604963709504
Human_HCT116,Lasso,utr5_G,0.04866406053189107,-0.04866406053189107
Human_HCT116,Lasso,utr5_GT,0.048617699471463535,0.048617699471463535
Human_HCT116,Lasso,utr5_AT,0.04842075499399602,-0.04842075499399602
Human_HCT116,Lasso,utr3_G,0.047858269613247156,-0.047858269613247156
Human_HCT116,Lasso,codon_CAC,0.04579457891434222,-0.04579457891434222
Human_HCT116,Lasso,codon_CGG,0.04478320774324162,-0.04478320774324162
Human_HCT116,Lasso,codon_GAT,0.044338973936084825,0.044338973936084825
Human_HCT116,Lasso,codon_CAA,0.04363681643225981,-0.04363681643225981
Human_HCT116,Lasso,utr5_TC,0.042052960832945685,0.042052960832945685
Human_HCT116,Lasso,log_tx,0.04190813807063267,-0.04190813807063267
Human_HCT116,Lasso,utr5_T,0.041900247821836344,0.041900247821836344
Human_HCT116,Lasso,utr5_AG,0.0417462406046764,0.0417462406046764
Human_HCT116,Lasso,utr3_TT,0.04086850369567348,0.04086850369567348
Human_HCT116,Lasso,utr3_AG,0.03959990081153202,-0.03959990081153202
Human_HCT116,Lasso,utr5_CA,0.03807831707375665,0.03807831707375665
Human_HCT116,Lasso,codon_GGG,0.037945329423275324,-0.037945329423275324
Human_HCT116,Lasso,utr5_CT,0.03668679400362297,0.03668679400362297
Human_HCT116,Lasso,utr3_GT,0.03614500980224419,0.03614500980224419
Human_HCT116,Lasso,codon_AGG,0.03307087786261306,-0.03307087786261306
Human_HCT116,Lasso,codon_ACC,0.032874210291122,0.032874210291122
Human_HCT116,Lasso,codon_CTA,0.03219518045998686,-0.03219518045998686
Human_HCT116,ElasticNet,log_cds,0.4161244124991641,-0.4161244124991641
Human_HCT116,ElasticNet,log_utr5,0.19627401539636122,-0.19627401539636122
Human_HCT116,ElasticNet,cds_AA,0.16205680480959148,0.16205680480959148
Human_HCT116,ElasticNet,utr5_size,0.15387032883258048,0.15387032883258048
Human_HCT116,ElasticNet,cds_size,0.13184525228940588,0.13184525228940588
Human_HCT116,ElasticNet,utr5_CG,0.11815163759339342,0.11815163759339342
Human_HCT116,ElasticNet,cds_TA,0.11770588912611792,0.11770588912611792
Human_HCT116,ElasticNet,cds_CG,0.11589232029843624,0.11589232029843624
Human_HCT116,ElasticNet,uAUG_count,0.11246410868006253,-0.11246410868006253
Human_HCT116,ElasticNet,codon_TGT,0.10296190954664855,-0.10296190954664855
Human_HCT116,ElasticNet,cds_TG,0.09679235291007574,0.09679235291007574
Human_HCT116,ElasticNet,cds_GC,0.09439297646977972,0.09439297646977972
Human_HCT116,ElasticNet,codon_GCC,0.08084937009662693,0.08084937009662693
Human_HCT116,ElasticNet,codon_GGC,0.07803510586911486,0.07803510586911486
Human_HCT116,ElasticNet,codon_AAG,0.07768179395730981,0.07768179395730981
Human_HCT116,ElasticNet,cds_AT,0.07757240174031417,0.07757240174031417
Human_HCT116,ElasticNet,utr5_GA,0.07749889171959028,0.07749889171959028
Human_HCT116,ElasticNet,cds_GT,0.07679336444721797,0.07679336444721797
Human_HCT116,ElasticNet,codon_GTG,0.0757272825826419,-0.0757272825826419
Human_HCT116,ElasticNet,codon_TTA,0.07484049496334856,-0.07484049496334856
Human_HCT116,ElasticNet,codon_CGC,0.0717847841328559,0.0717847841328559
Human_HCT116,ElasticNet,cds_TC,0.06968030665547977,0.06968030665547977
Human_HCT116,ElasticNet,codon_GCT,0.06879395851723528,0.06879395851723528
Human_HCT116,ElasticNet,codon_AGT,0.06323772083432926,-0.06323772083432926
Human_HCT116,ElasticNet,codon_ATA,0.0625260818764251,-0.0625260818764251
Human_HCT116,ElasticNet,utr3_AT,0.06160305165202137,-0.06160305165202137
Human_HCT116,ElasticNet,utr3_G,0.06141626577492158,-0.06141626577492158
Human_HCT116,ElasticNet,codon_GGT,0.061022838491325726,0.061022838491325726
Human_HCT116,ElasticNet,codon_CAT,0.05796266023126245,-0.05796266023126245
Human_HCT116,ElasticNet,utr5_TT,0.05444674185774592,0.05444674185774592
Human_HCT116,ElasticNet,codon_TCA,0.05320663588492291,-0.05320663588492291
Human_HCT116,ElasticNet,log_tx,0.05189274944178427,-0.05189274944178427
Human_HCT116,ElasticNet,utr5_AT,0.05185909621759553,-0.05185909621759553
Human_HCT116,ElasticNet,utr5_GT,0.05163828738508777,0.05163828738508777
Human_HCT116,ElasticNet,codon_CAA,0.050533714006384095,-0.050533714006384095
Human_HCT116,ElasticNet,cds_GA,0.05028715085932324,0.05028715085932324
Human_HCT116,ElasticNet,utr5_T,0.04870024397954824,0.04870024397954824
Human_HCT116,ElasticNet,codon_CCC,0.048175533858928817,0.048175533858928817
Human_HCT116,ElasticNet,utr5_CA,0.0473286532451504,0.0473286532451504
Human_HCT116,ElasticNet,utr5_G,0.046952391253961064,-0.046952391253961064
Human_HCT116,ElasticNet,codon_CAC,0.04324308323595533,-0.04324308323595533
Human_HCT116,ElasticNet,utr5_TC,0.04301309999705041,0.04301309999705041
Human_HCT116,ElasticNet,utr3_TA,0.04294759705703637,-0.04294759705703637
Human_HCT116,ElasticNet,utr3_CA,0.04244641688666888,-0.04244641688666888
Human_HCT116,ElasticNet,codon_GAT,0.042348358874036825,0.042348358874036825
Human_HCT116,ElasticNet,utr3_AG,0.04131273675228441,-0.04131273675228441
Human_HCT116,ElasticNet,codon_GCG,0.0396951053067444,0.0396951053067444
Human_HCT116,ElasticNet,utr5_CT,0.039510734052439545,0.039510734052439545
Human_HCT116,ElasticNet,cds_AC,0.03900394361269036,0.03900394361269036
Human_HCT116,ElasticNet,utr3_C,0.03749148010726084,0.03749148010726084
Human_HCT116,RandomForest,log_cds,0.05666885973710176,
Human_HCT116,RandomForest,cds_size,0.05562651573937087,
Human_HCT116,RandomForest,uAUG_count,0.03848639033228993,
Human_HCT116,RandomForest,log_tx,0.03501210467494969,
Human_HCT116,RandomForest,codon_TCA,0.020748788354732588,
Human_HCT116,RandomForest,codon_TGT,0.0194743917212189,
Human_HCT116,RandomForest,utr5_size,0.01796701587553307,
Human_HCT116,RandomForest,codon_AGT,0.01671227918869492,
Human_HCT116,RandomForest,log_utr5,0.016313981508566666,
Human_HCT116,RandomForest,codon_AGG,0.015946283910880994,
Human_HCT116,RandomForest,codon_CAT,0.013961601638379242,
Human_HCT116,RandomForest,codon_TTA,0.012634561936220505,
Human_HCT116,RandomForest,codon_CAA,0.011738282554450842,
Human_HCT116,RandomForest,codon_AGA,0.011379786319906408,
Human_HCT116,RandomForest,codon_AAG,0.011168548388763638,
Human_HCT116,RandomForest,cds_CG,0.011012195551497881,
Human_HCT116,RandomForest,codon_GGT,0.01031382240341799,
Human_HCT116,RandomForest,codon_GCT,0.009313549257448567,
Human_HCT116,RandomForest,codon_TGC,0.009212579719812885,
Human_HCT116,RandomForest,codon_ATA,0.008525866439979156,
Human_HCT116,RandomForest,codon_GGC,0.008332862416340658,
Human_HCT116,RandomForest,codon_CAC,0.00807784321546077,
Human_HCT116,RandomForest,cds_G,0.008024804409467751,
Human_HCT116,RandomForest,codon_AGC,0.00791447394450461,
Human_HCT116,RandomForest,cds_GG,0.007879933284636782,
Human_HCT116,RandomForest,codon_CCA,0.007760651780054894,
Human_HCT116,RandomForest,codon_ATG,0.00770921062683371,
Human_HCT116,RandomForest,codon_CGT,0.007656376173143201,
Human_HCT116,RandomForest,codon_ATC,0.007321376235812865,
Human_HCT116,RandomForest,cds_GC,0.007313025704879265,
Human_HCT116,RandomForest,gc_utr5,0.007113240813426447,
Human_HCT116,RandomForest,cds_CA,0.007032993374937098,
Human_HCT116,RandomForest,codon_GTA,0.006920016395941502,
Human_HCT116,RandomForest,utr5_GG,0.006889457490095881,
Human_HCT116,RandomForest,utr5_TC,0.006879090435125113,
Human_HCT116,RandomForest,codon_TGG,0.00679378067568045,
Human_HCT116,RandomForest,codon_GCG,0.0066679955175897995,
Human_HCT116,RandomForest,codon_TTG,0.00662621868467821,
Human_HCT116,RandomForest,codon_ACA,0.006561915703480098,
Human_HCT116,RandomForest,utr3_AG,0.006432075505566907,
Human_HCT116,RandomForest,cds_TG,0.006381649683248798,
Human_HCT116,RandomForest,utr3_size,0.006290728726006561,
Human_HCT116,RandomForest,codon_CTA,0.006153522706734136,
Human_HCT116,RandomForest,codon_TAT,0.0061165257631105524,
Human_HCT116,RandomForest,log_utr3,0.006111584275367288,
Human_HCT116,RandomForest,utr3_GA,0.0060862593355225,
Human_HCT116,RandomForest,codon_TCT,0.00605013543900443,
Human_HCT116,RandomForest,utr3_GT,0.005979630877057362,
Human_HCT116,RandomForest,codon_ACC,0.005802751767896578,
Human_HCT116,RandomForest,cds_AC,0.005752283761218756,
