codon,amino_acid,cai_weight_human,cai_weight_mouse
AAA,K,0.7101,0.5796
AAC,N,0.9899,1.0
AAG,K,1.0,1.0
AAT,N,1.0,0.6745
ACA,T,0.8189,0.9064
ACC,T,0.8328,1.0
ACG,T,0.3365,0.3666
ACT,T,1.0,0.8284
AGA,R,1.0,1.0
AGC,S,0.9657,1.0
AGG,R,0.8216,0.931
AGT,S,1.0,0.7651
ATA,I,0.3759,0.233
ATC,I,1.0,1.0
ATG,M,1.0,1.0
ATT,I,0.878,0.7565
CAA,Q,0.3873,0.3251
CAC,H,1.0,1.0
CAG,Q,1.0,1.0
CAT,H,0.7775,0.7062
CCA,P,1.0,0.994
CCC,P,0.9698,0.8187
CCG,P,0.315,0.2627
CCT,P,0.9832,1.0
CGA,R,0.5079,0.6299
CGC,R,0.8849,0.7419
CGG,R,0.9288,0.9026
CGT,R,0.4899,0.4943
CTA,L,0.1803,0.1985
CTC,L,0.4318,0.4704
CTG,L,1.0,1.0
CTT,L,0.4317,0.4442
GAA,E,0.9332,0.7721
GAC,D,0.7828,0.8814
GAG,E,1.0,1.0
GAT,D,1.0,1.0
GCA,A,0.7351,0.6861
GCC,A,1.0,1.0
GCG,A,0.2244,0.2316
GCT,A,0.9861,0.9757
GGA,G,0.8683,0.7802
GGC,G,1.0,1.0
GGG,G,0.638,0.5708
GGT,G,0.6909,0.6277
GTA,V,0.3084,0.3126
GTC,V,0.4815,0.544
GTG,V,1.0,1.0
GTT,V,0.5896,0.5926
TAC,Y,0.9215,1.0
TAT,Y,1.0,0.8112
TCA,S,0.6715,0.5626
TCC,S,0.7312,0.8144
TCG,S,0.1125,0.1897
TCT,S,0.8364,0.8483
TGC,C,0.8579,0.9899
TGG,W,1.0,1.0
TGT,C,1.0,1.0
TTA,L,0.2526,0.2062
TTC,F,0.8951,1.0
TTG,L,0.3124,0.3434
TTT,F,1.0,0.9739
