codon,tai_weight
AAA,0.2222
AAC,0.2407
AAG,0.423
AAT,0.142
ACA,0.0741
ACC,0.12
ACG,0.0978
ACT,0.1667
AGA,0.0926
AGC,0.1296
AGG,0.1222
AGT,0.0765
ATA,0.0926
ATC,0.1467
ATT,0.2037
CAA,0.1111
CAC,0.1852
CAG,0.2207
CAT,0.1093
CCA,0.1296
CCC,0.08
CCG,0.097
CCT,0.1111
CGA,0.0926
CGC,0.08
CGG,0.0852
CGT,0.1111
CTA,0.0556
CTC,0.0667
CTG,0.203
CTT,0.0926
GAA,0.1481
GAC,0.2963
GAG,0.2511
GAT,0.1748
GCA,0.2037
GCC,0.1733
GCG,0.2504
GCT,0.2407
GGA,0.1296
GGC,0.2541
GGG,0.1526
GGT,0.1606
GTA,0.0556
GTC,0.1067
GTG,0.203
GTT,0.1481
TAC,0.1852
TAT,0.1093
TCA,0.0556
TCC,0.1252
TCG,0.0733
TCT,0.1591
TGC,1.0
TGG,0.16
TGT,0.59
TTA,0.0741
TTC,0.1296
TTG,0.0978
TTT,0.0765
