Sl. No.,Codon,Human Weight,Mouse Weight
1,AAA,0.4138,0.2222
2,AAC,0.8621,0.2407
3,AAG,0.6497,0.423
4,AAT,0.5086,0.142
5,ACA,0.2069,0.0741
6,ACC,0.2234,0.12
7,ACG,0.2386,0.0978
8,ACT,0.3103,0.1667
9,AGA,0.2069,0.0926
10,AGC,0.2759,0.1296
11,AGG,0.2386,0.1222
12,AGT,0.1628,0.0765
13,ATA,0.1725,0.0926
14,ATC,0.4759,0.1467
15,ATT,0.5783,0.2037
16,CAA,0.2069,0.1111
17,CAC,0.3103,0.1852
18,CAG,0.5145,0.2207
19,CAT,0.1831,0.1093
20,CCA,0.2414,0.1296
21,CCC,0.2234,0.08
22,CCG,0.2152,0.097
23,CCT,0.3103,0.1111
24,CGA,0.2069,0.0926
25,CGC,0.1738,0.08
26,CGG,0.2041,0.0852
27,CGT,0.2414,0.1111
28,CTA,0.1035,0.0556
29,CTC,0.2234,0.0667
30,CTG,0.3434,0.203
31,CTT,0.3103,0.0926
32,GAA,0.2759,0.1481
33,GAC,0.4483,0.2963
34,GAG,0.3641,0.2511
35,GAT,0.2645,0.1748
36,GCA,0.276,0.2037
37,GCC,0.6455,0.1733
38,GCG,0.2262,0.2504
39,GCT,0.8966,0.2407
40,GGA,0.3103,0.1296
41,GGC,0.4828,0.2541
42,GGG,0.2717,0.1526
43,GGT,0.2848,0.1606
44,GTA,0.1724,0.0556
45,GTC,0.2483,0.1067
46,GTG,0.5034,0.203
47,GTT,0.3448,0.1481
48,TAC,0.4731,0.1852
49,TAT,0.299,0.1093
50,TCA,0.138,0.0556
51,TCC,0.2234,0.1252
52,TCG,0.1821,0.0733
53,TCT,0.3103,0.1591
54,TGC,1.0,1.0
55,TGG,0.2524,0.16
56,TGT,0.59,0.59
57,TTA,0.1379,0.0741
58,TTC,0.3448,0.1296
59,TTG,0.2855,0.0978
60,TTT,0.2034,0.0765
